mean_CRS,mean_R_final,pct_reduction_vs_classical,pct_diff_vs_ufmb,mean_ldf_active,disc_correction_pct,ampl_correction_pct,n_neutral,n_disc,n_ampl
20.908625,21.2075,49.44727511099193,14.264547413793109,1.0209352941176473,-12.196063429240104,22.536852594704218,63,10,7
20.262999999999998,20.750999999999998,54.7643636660899,11.804956896551719,1.0230407407407407,-10.802290098747523,21.39116538673681,53,16,11
16.824624999999997,17.02375,62.82141228949014,-8.277209051724132,1.0006666666666668,-10.188592261437124,20.610653080693275,47,22,11
16.344625,16.697125,50.6819323015123,-10.037042025862064,1.0057592592592592,-10.260520027983672,22.25235464411313,53,18,9
18.667375,19.1545,56.19400467687804,3.2031250000000004,1.0375031250000002,-9.588231327531382,18.832652462999363,48,17,15
18.313750000000002,18.78575,50.552429835817456,1.2163254310344906,1.080957142857143,-12.310812329100743,21.301659618680052,52,11,17
15.837875000000002,15.946250000000003,55.84407493042767,-14.08270474137929,1.0146028571428574,-11.30711034035938,23.1039571218135,45,22,13
21.485750000000003,21.87475,50.564279882821886,17.859644396551726,1.025565,-9.278947338432655,20.26034099532373,60,12,8
16.7415,17.246499999999997,48.18303363528476,-7.077047413793111,1.0303766666666665,-12.666495056520954,23.60927044426067,50,17,13
20.833125000000003,20.821500000000004,59.57863471240435,12.184806034482786,0.9725766666666665,-12.638894846108265,24.443341481466547,50,22,8
20.903499999999998,20.684500000000003,59.626016815580016,11.446659482758646,1.0042692307692307,-14.591355652530869,24.443884455796514,54,16,10
20.624000000000002,20.998375,58.267209897398956,13.1377963362069,1.0345777777777778,-8.23627185959943,23.290894311243942,53,17,10
15.539375000000001,15.579374999999999,53.13698506519876,-16.059401939655174,0.9642750000000001,-12.018459162729592,27.39288723089072,52,22,6
17.023,17.362125,53.41871742761133,-6.454067887931034,1.03288,-10.67251127727045,24.235142516464663,55,15,10
21.836875,21.909124999999996,52.95631751996244,18.044854525862057,1.0035105263157897,-9.890830314238235,25.440845704511503,42,27,11
18.323625,18.336750000000002,54.9714531278777,-1.2028556034482578,1.000846153846154,-13.871841608928532,26.43313864247951,54,17,9
22.934125,23.5075,54.31644714787518,26.65678879310346,1.0536344827586206,-11.077690434999795,22.99914351586538,51,15,14
16.7365,17.351875,50.57132378337768,-6.509294181034478,1.0501677419354838,-13.203802115352039,27.13134480733539,49,17,14
17.49875,17.603500000000004,53.01489011740605,-5.1535560344827305,1.0402843750000001,-12.648216434690145,20.715585099849417,48,16,16
19.850125,20.383999999999997,55.5077786084176,9.827586206896543,1.0657458333333334,-8.715669703317367,24.66766148885043,56,13,11
23.063125000000003,23.26125,55.16530219872885,25.33001077586208,1.017365625,-9.830470659906709,18.62521825162294,48,19,13
20.337374999999998,20.529249999999998,52.89565766075833,10.610183189655167,1.0074037037037036,-11.242473650293915,29.18532868465433,53,19,8
19.348125,19.701,58.23017292784735,6.147629310344838,1.055553846153846,-9.741506672439751,20.862580927148578,54,13,13
18.469375,19.369125,48.656547281782125,4.359509698275872,1.0742631578947368,-12.949030152515588,23.929743356093336,42,17,21
19.19925,19.633625000000002,52.975183600638296,5.78461745689657,1.0866699999999998,-10.903466351808248,28.187140084436397,60,10,10
18.894875,19.2565,57.168991920461295,3.7526939655172433,1.0157333333333334,-11.988579605882531,17.596907149683663,56,13,11
16.870375000000003,16.9935,53.72077506501994,-8.44019396551723,1.0286806451612902,-9.993780169479372,26.27900464515916,49,20,11
17.534499999999998,17.838124999999998,55.07759624767841,-3.889412715517245,1.0172777777777777,-11.515536265374301,24.281294128713775,53,17,10
21.464625,22.033250000000002,58.68410566533061,18.713631465517263,1.061332,-13.480726127454343,27.414906210458,55,13,12
23.563125,24.064124999999997,56.66756702005537,29.655845905172406,1.0329774193548387,-15.839878546444755,21.269289691111048,49,15,16
18.691499999999998,19.280875,54.825228074799746,3.884024784482775,1.065695652173913,-11.107382205662352,22.787380072611672,57,11,12
21.563874999999996,21.990375,52.63106877155759,18.4826239224138,1.0972291666666667,-9.250201467095549,28.696838413680396,56,12,12
20.925,20.993000000000002,56.167672797408855,13.108836206896571,1.0055666666666665,-9.019645904464536,16.594534029111575,56,15,9
17.152749999999997,17.452999999999996,54.49556114667119,-5.96443965517243,1.0171428571428573,-11.13312236545945,23.449749602181218,45,22,13
17.5185,17.00625,51.349553724682465,-8.371497844827571,0.9474681818181817,-16.581492444801295,19.10399684574686,58,15,7
19.1855,19.678375,53.19548089787425,6.0257273706896575,0.9928464285714286,-13.896269108893252,16.8688100035387,52,16,12
17.991500000000002,18.377875,55.99220555309443,-0.9812769396551682,1.026337037037037,-10.350142606633305,18.873135238212743,53,15,12
15.211250000000001,15.364374999999999,53.384784587378654,-17.217807112068964,0.9961655172413791,-15.655398565665374,21.319523837347386,51,17,12
19.557125,19.489625,54.18464015797082,5.008755387931043,0.9865333333333333,-13.526720806603523,26.69558396521192,47,23,10
19.50675,19.267374999999998,62.04473205337509,3.8112877155172367,0.9612657142857143,-12.176945155534748,24.184666141671947,45,27,8
18.75625,19.365000000000002,48.48278270122874,4.337284482758639,1.0300647058823529,-12.55377561820655,22.66380458505192,46,19,15
19.85,20.018,59.31889944799661,7.855603448275874,0.9904714285714286,-12.518245651890478,23.46411214465901,52,19,9
17.553375,17.43025,56.259802506932324,-6.087015086206885,0.9428499999999999,-13.86904375372155,18.759631158779484,52,21,7
16.562625,16.975125,56.735842083800605,-8.539197198275863,1.082672,-9.207030726062284,30.540905954880433,55,14,11
18.362375,18.573124999999997,64.3786979411398,0.07071659482757932,1.0473434782608695,-12.781835310385796,23.861642751305247,57,12,11
19.771250000000002,20.299,47.688214128099304,9.369612068965521,1.05631,-11.413177175034852,22.636444613029123,50,15,15
19.482875,19.959875,56.189193193478815,7.542429956896561,1.0370370370370372,-8.764183466300675,24.867908759134387,53,17,10
18.910249999999998,19.207375,52.96661789643162,3.488011853448277,1.04,-11.03084312853753,29.898760467241257,50,19,11
17.66425,18.094749999999998,51.02909336941814,-2.5067349137931094,1.0410307692307692,-9.697614375139512,26.221970407828117,54,16,10
17.079,17.403125,58.112576305963984,-6.233162715517239,1.0065382352941175,-12.618694693020426,25.005050108963417,46,22,12
21.846375000000002,22.253125000000004,50.107757714695666,19.898302801724167,1.04365,-9.43925546430712,22.818455680873367,52,16,12
18.499624999999998,18.222249999999995,52.94569539844034,-1.8197737068965696,0.997617857142857,-12.510815479752683,25.673158472641745,52,19,9
17.21725,17.420625,52.89956706737999,-6.13887392241378,0.9744777777777779,-13.452633791150886,23.31597757347683,53,19,8
18.4685,18.725,51.768902855229435,0.8890086206896698,1.0245206896551724,-12.807412786414842,24.067915351612243,51,17,12
18.051125,18.534375,52.383475596832305,-0.13806573275860998,1.0509032258064517,-10.721246656554309,24.285546324019748,49,17,14
17.650375,17.476374999999997,52.169153241670465,-5.838496767241387,0.9912484848484848,-14.109581921318517,19.503892584232176,47,20,13
16.314875,16.854125,57.002726533475766,-9.19113685344827,1.0470588235294116,-11.232633984173328,22.644111242095313,46,18,16
15.982249999999999,16.49075,55.99987993236191,-11.14897629310345,1.0069800000000002,-10.948820189663758,22.959980265244308,45,23,12
18.666625,18.608125,54.26082681701565,0.2592941810344958,1.039995,-16.161221203743448,28.656956253038075,60,11,9
17.20425,17.483249999999998,56.7044008803618,-5.801454741379314,1.012351851851852,-11.52157067623672,22.932317076127852,53,17,10
15.926374999999998,16.150624999999998,58.020339203327055,-12.9815463362069,1.024240909090909,-12.365009716497207,28.337023865676976,58,14,8
21.27375,21.577999999999996,58.33216666747128,16.26077586206895,1.0039205882352942,-9.065668703097177,26.662776518308206,46,25,9
18.056125,18.275624999999998,55.506288858388864,-1.5321928879310382,1.0308322580645162,-9.452296449257144,25.886193339594687,49,20,11
19.252,19.608375,49.09262612691552,5.648572198275863,1.0110966666666665,-14.871210453767727,19.371813633021755,50,16,14
19.906,20.328125,51.07992660108896,9.526535560344836,1.0339500000000001,-14.260709360876513,23.146728268859217,44,19,17
19.989375000000003,20.0935,56.79897229993577,8.262392241379311,1.001390625,-9.21156637114955,23.978629382533132,48,23,9
16.564375,16.505874999999996,53.59461045647356,-11.067483836206913,1.0200774193548385,-15.084297228395966,29.092862145559682,49,19,12
17.267000000000003,17.718375,51.357055349464474,-4.534617456896536,1.0162192307692306,-15.071099867674178,21.086829252444307,54,14,12
19.119125,19.861624999999997,52.044752154912246,7.0130657327586094,1.0674066666666664,-11.246397293552942,24.74105003362932,50,15,15
16.608249999999998,17.461999999999996,50.83533059523685,-5.915948275862084,1.0908304347826085,-10.365759106409287,21.581541580358465,57,9,14
20.745375,20.99725,62.343947902305615,13.131734913793117,0.9907333333333335,-10.594212127607959,21.02955257952729,44,25,11
16.905375,17.45725,64.8879066949257,-5.941540948275864,1.073283783783784,-6.461708021936475,25.4429137860184,43,21,16
16.391,16.405124999999998,53.15882833719391,-11.610317887931037,1.0271629629629628,-13.059676662839596,29.582373299671342,53,17,10
18.2745,18.804750000000002,49.55705922195324,1.3186961206896732,1.102775,-10.669206866959282,25.232012561784806,56,10,14
20.0745,20.5155,54.349894027135726,10.53609913793104,1.0716037037037036,-9.96820266605121,28.499047236783113,53,15,12
21.361124999999998,21.5375,51.72114266500413,16.042564655172427,0.9915029411764706,-11.608824181664048,18.887122571522568,46,22,12
17.625375,17.764125,60.65890990025829,-4.288119612068959,0.9701571428571428,-13.590842536976085,20.183125698097783,45,24,11
17.855,18.148500000000002,58.8484551306216,-2.217133620689637,1.0418846153846153,-10.28137164828442,27.354333603500265,54,16,10
19.618125,20.235000000000003,57.150117527476006,9.024784482758644,1.053658536585366,-11.301299301259784,22.902989495183018,39,21,20
14.254125000000002,14.587125,53.60089381210066,-21.405576508620683,1.0279548387096773,-13.241627723281118,28.163206597302633,49,19,12
17.648374999999998,17.640625,52.9771424763428,-4.953529094827579,1.037990322580645,-15.82987168498075,24.763330565774204,49,16,15
18.467625,18.227250000000005,54.34684600067625,-1.792834051724104,0.9825321428571429,-13.99720211094984,28.89464978173403,52,20,8
17.7225,17.638125000000002,50.93894183463079,-4.966998922413774,1.040586956521739,-11.807389879189731,24.676948320100845,57,13,10
20.76325,20.896,59.63315158334983,12.586206896551735,1.0046710526315792,-14.535361810847752,21.117711864963518,42,22,16
17.6135,17.4775,49.23371299728777,-5.8324353448275845,0.9885387096774194,-11.489365041590112,24.20077057570611,49,22,9
19.059874999999998,19.433875,56.16917624969341,4.70837823275863,1.0772956521739128,-10.560562694810114,27.68260625461575,57,12,11
18.88775,19.65825,53.10000536797467,5.917295258620691,1.0673205882352939,-10.255327517718658,25.831619867845056,46,18,16
20.90975,20.84425,58.836235093150066,12.307381465517244,0.9643090909090909,-11.286634617615242,17.057113310865706,47,24,9
20.947375,20.656625,55.04848690921455,11.296470905172413,0.9940192307692308,-12.96607981101103,22.753168414053906,54,17,9
16.28175,16.165125,58.805653507640265,-12.903421336206891,0.9759729729729731,-10.942544561032648,24.188140166379682,43,28,9
19.102375,18.941125,59.59183564624689,2.053475215517246,1.0269454545454546,-10.408481036935472,28.9284102247115,47,22,11
17.110750000000003,17.506375,50.692170655625745,-5.676858836206898,1.0468464285714283,-7.778118628028775,21.325464027913615,52,16,12
15.445875000000001,15.862,52.363505315634576,-14.536637931034477,1.0322548387096773,-14.068319312319643,27.174325335477167,49,18,13
18.53225,18.724875000000004,52.07551515965869,0.8883351293103754,1.0039642857142856,-14.295674798777448,20.012727542551314,52,16,12
16.852999999999998,17.133875,52.59945500318146,-7.683863146551719,1.0468285714285712,-10.565474303854774,25.010695933661214,52,16,12
17.58175,18.190375,53.11441817906495,-1.9915140086206855,1.0770366666666666,-11.620983844094326,20.627634042707413,50,12,18
17.714499999999997,17.940375,53.461609548731026,-3.338496767241375,0.9976178571428571,-15.026870840262566,19.452768137209045,52,16,12
21.774875,21.987875,57.572329622884986,18.469154094827587,1.0541130434782608,-14.164521926765309,23.36756490886839,57,11,12
17.696499999999997,17.973750000000003,55.020504944021965,-3.1586745689654965,1.0119107142857142,-9.697258789961229,28.307094399443624,52,20,8
16.807375,17.460124999999998,55.98408026671541,-5.926050646551729,1.0491515151515152,-12.363781955049848,25.617244422471458,47,18,15
19.08725,19.281625,57.105475376101886,3.8880657327586188,0.9928354838709675,-8.993811686372345,23.03873670915756,49,23,8
17.245,17.38475,60.43480239875283,-6.332165948275853,1.0027781249999999,-9.91344830419622,22.657937210833957,48,22,10
20.719,21.15975,54.61496801454226,14.007273706896553,1.0888939393939394,-13.76079931578261,30.208517171378254,47,16,17
17.1835,17.531875,56.16538110537436,-5.539466594827583,1.005130769230769,-12.639005702355163,21.572578653410268,54,16,10
24.2725,24.829375000000002,56.24972468173208,33.77896012931036,1.0374657142857142,-10.590481978599962,17.275930115335406,45,17,18
16.763749999999998,17.360625,53.119620325801506,-6.462149784482758,1.0650714285714284,-10.341368406510151,23.33953117140786,52,14,14
19.987625,20.532874999999997,52.327012264846395,10.629714439655165,1.0674099999999997,-9.562434558850372,25.40366878744378,50,16,14
14.348749999999999,14.5255,53.79599367003046,-21.73760775862069,1.0346441176470589,-11.11439328140737,27.04267543082788,46,21,13
23.344749999999998,23.62125,58.762324166495716,27.26966594827587,1.02315,-12.490174444343248,19.848746545818397,56,13,11
21.648,21.892249999999997,54.3886514627102,17.953933189655167,1.0150714285714284,-12.010051622462761,22.433514094608643,52,17,11
16.808500000000002,17.098875,56.27613056652986,-7.8724407327586166,1.0118466666666666,-11.415261193155882,26.455154843762006,50,20,10
18.01925,18.556,59.246020633953236,-0.02155172413791909,1.0809,-8.695821044092456,26.311301510507118,55,13,12
18.711125,18.89475,56.60307480298006,1.8036099137931016,1.02096,-9.181448330077773,21.20562978874009,45,22,13
17.218,17.64875,58.91483244677755,-4.909752155172409,1.0392117647058823,-12.809524738430108,18.773253312058777,63,8,9
22.003125,22.058249999999997,50.635429050982594,18.848329741379306,1.0375482758620689,-12.676626759854072,27.05973231142062,51,17,12
21.083499999999997,21.288875,54.876375082134,14.70299030172415,1.0333285714285714,-14.918426131350884,21.60908282409223,52,14,14
18.54975,19.292375,56.97087974127717,3.9459859913793167,1.0691370370370368,-10.434626043202908,23.0207141476823,53,13,14
18.714375,18.887875,51.90590167482541,1.7665678879310471,1.0343515151515152,-9.758587831600689,23.772960274543202,47,20,13
17.777625,18.393375,48.97267043267482,-0.8977640086206886,1.062674358974359,-10.33819065078877,27.714184516656353,41,22,17
17.481625,17.866000000000003,60.64779378968177,-3.7392241379310103,1.0377866666666666,-10.070933923718695,27.703612031440045,50,19,11
17.749874999999996,17.846375000000002,52.85923245317158,-3.844962284482742,0.9990434782608695,-9.588595912177352,21.58510081770864,57,16,7
21.398000000000003,22.28775,56.08054683170146,20.084859913793107,1.1090343749999998,-8.082666816198138,25.714763766200495,48,14,18
17.752,18.635749999999998,52.06299597432831,0.4081357758620653,1.0386000000000004,-10.20909033335343,19.527458147826035,42,20,18
18.8945,19.425,55.49955614100399,4.660560344827598,1.090383333333333,-9.628519295015126,27.69474364965495,50,15,15
18.790125,19.055874999999997,57.6973238764388,2.6717403017241277,1.0258096774193548,-10.42343254777782,23.15879634215821,49,19,12
17.944375,18.15625,49.98450466581728,-2.175377155172407,1.031623076923077,-12.748866639908606,24.84114699293282,54,15,11
18.6705,18.798750000000002,53.56771259466919,1.2863685344827755,0.9825810810810812,-10.851897187352733,22.899238082361187,43,27,10
18.77375,19.366374999999998,60.489485522510634,4.34469288793103,1.102573076923077,-11.47708659311496,28.912356453908725,54,12,14
18.0885,18.244999999999997,61.5720799941026,-1.697198275862076,0.9940230769230768,-9.546319237704983,29.24329353480525,54,20,6
16.251125,16.01275,55.56395776387173,-13.7244073275862,0.9714321428571427,-12.123469376701664,20.302088369363467,52,20,8
15.368375,15.903,61.15297709923664,-14.31573275862068,1.0537645161290323,-10.030772284604398,24.137132095079362,49,17,14
20.6165,21.413999999999998,53.4901652028724,15.37715517241379,1.0666625,-12.681305447690203,21.716946968229216,48,14,18
14.74475,15.258625,59.29771562517714,-17.78758081896551,1.049776,-9.78055736237412,27.13577077497688,55,15,10
15.773625,16.125625,58.655423941748076,-13.11624461206896,1.0348166666666665,-10.73266606828633,24.83863765831441,50,18,12
19.30525,19.942,54.0632603406326,7.446120689655181,1.0475103448275862,-10.68079675273346,21.271813184145394,51,15,14
18.72975,19.484125,50.79238302090502,4.979121767241381,1.1234592592592594,-8.028004213178527,24.282379689018185,53,10,17
17.517374999999998,17.688,62.396660173741125,-4.698275862068965,0.9885068965517241,-10.26338596202243,22.77591105803255,51,21,8
18.975375,19.66375,52.31397417903707,5.946928879310354,1.1016939393939393,-10.333123064810385,25.263747441640547,47,14,19
16.8265,16.92825,50.7059632877251,-8.791756465517244,1.0600814814814814,-13.346252408462806,26.86386217527566,53,14,13
19.378875,19.896875,55.543545959050064,7.202990301724153,1.0340666666666667,-12.728126382889666,27.587057430342018,50,18,12
18.348,17.83775,57.12620402473245,-3.891433189655167,0.9383451612903225,-14.237234834354547,21.64130023482079,49,24,7
22.133625000000002,22.639625,57.33856246098765,21.980738146551726,1.0482600000000002,-10.65169620967632,25.455918000016876,45,20,15
17.465,18.666625,56.21195416319684,0.5744881465517301,1.1462483870967743,-10.88515033232325,26.76879597211469,49,10,21
16.9905,17.116875,57.25216338049274,-7.775457974137923,1.0098,-13.338861174175614,21.44466123311843,46,20,14
16.6065,17.15075,53.25704435276444,-7.592941810344829,1.0857249999999998,-11.866094611265463,29.02432813391933,52,14,14
20.244999999999997,20.912625,61.58406793126965,12.675781249999998,1.06180625,-9.865202067255797,22.22266533062754,48,16,16
19.10275,19.856125,50.33811561897199,6.983432112068966,1.1029699999999998,-7.8902542275832355,24.175976819647154,50,13,17
19.645249999999997,20.117124999999998,55.13538527585813,8.389682112068963,1.0467482758620688,-12.0642039098064,20.310284209084124,51,14,15
22.691625,22.999125,50.041271823834485,23.91769935344828,1.0270521739130434,-13.154907446675578,23.356663502955776,57,13,10
20.0765,20.355874999999997,58.99248328569811,9.676050646551717,1.0211666666666666,-11.441843624236292,24.14768276726938,59,13,8
17.160125,17.530625000000004,48.64739181697679,-5.546201508620661,1.0589434782608695,-12.712221211499097,22.973905481697457,57,11,12
24.479499999999998,24.75025,53.61386509736303,33.35264008620691,1.05,-9.985863750113761,26.031734534816717,56,14,10
17.893874999999998,17.96875,56.02550062099642,-3.185614224137925,0.9593689655172415,-13.558300166299857,20.83335890158441,51,21,8
16.837875,17.189625,58.99959451884891,-7.383485991379307,1.0399999999999996,-6.852108861789386,20.251947863682425,60,12,8
20.257624999999997,20.69275,51.61033843707432,11.491109913793112,1.040733333333333,-12.555812607324938,25.84517267223035,50,17,13
16.72825,17.03775,59.77417203298292,-8.201778017241377,1.0013424242424243,-10.154004597774332,23.808667844777855,47,23,10
16.467750000000002,16.804250000000003,58.60767288626146,-9.45985991379308,1.0214586206896552,-12.528550527446361,22.958891498910486,51,17,12
19.61375,19.969749999999998,56.29486562199073,7.595635775862064,1.0502074074074075,-12.984130509169855,24.488206217063297,53,14,13
16.414749999999998,17.022875,50.60267185125269,-8.28192349137931,1.0673838709677417,-10.368858714650491,22.788669805014017,49,15,16
14.184625,14.110125,59.82167645488521,-23.97561961206896,0.9733360000000001,-13.452159899070827,25.110819615367763,55,18,7
18.7505,18.903,56.70829110771398,1.8480603448275863,0.9960357142857142,-12.257574603012795,24.7302780604245,52,19,9
17.556874999999998,18.038125,57.27524388980177,-2.8118265086206784,1.0452884615384614,-12.359366330886058,24.260451236383357,54,14,12
16.294374999999995,16.48725,51.66960415376553,-11.167834051724135,1.0235264705882354,-13.421744275644675,24.914449295112,46,20,14
16.582125,16.858875,47.819678029643555,-9.16554418103447,1.04962,-16.60637148442502,26.541240557655918,50,15,15
17.779374999999998,18.169,52.77712800519818,-2.106681034482749,1.0215454545454545,-9.202993079214837,24.86242208045521,47,22,11
18.525375,18.56325,46.225625984465815,0.01751077586207601,1.0388916666666665,-13.333280216633952,28.009417669073002,56,14,10
18.280625000000004,18.929499999999997,55.42880016011209,1.990840517241372,1.0499916666666667,-11.944328126457426,25.07069308938023,56,13,11
18.507749999999998,18.578375,52.775447693852385,0.09900323275863403,0.9288766666666665,-12.346029734267251,19.1545630823949,50,25,5
18.785999999999998,19.092125,51.637652065430096,2.8670528017241415,1.0091793103448277,-15.812522098281704,24.630310754911566,51,17,12
19.04325,19.641750000000002,53.42894486480719,5.828394396551741,1.0293838709677419,-13.051245784697631,19.99503839509455,49,16,15
19.737375,19.680625,54.15927863716695,6.037850215517244,1.0076961538461537,-12.294188229214747,25.449315962241123,54,17,9
19.446875,19.550124999999998,54.63021248821525,5.334725215517237,1.0249151515151516,-15.947530265929618,22.066258390945706,47,17,16
17.14025,17.988999999999997,55.45237299258326,-3.0765086206896637,1.0362866666666666,-12.35542702683597,21.909846097725936,50,16,14
17.662375,17.853125,58.76757412165479,-3.808593750000001,1.020295652173913,-9.4745745009146,28.3241700273308,57,16,7
16.490625,16.464875,56.148043093231045,-11.288389008620687,0.9859199999999998,-12.717108506260194,29.748967809775433,50,22,8
19.695749999999997,20.102124999999997,58.97766202493222,8.308863146551717,0.9983481481481482,-12.404552032691777,20.655020481379218,53,17,10
17.267500000000002,17.713375,53.69279283695243,-4.5615571120689635,1.0228848484848485,-12.576362743642434,20.12233197458606,47,18,15
16.7075,17.083125000000003,54.261435896062856,-7.957300646551705,1.0060108108108106,-11.702211965630186,18.6802050726673,43,22,15
18.265375,18.860875,54.06872325010805,1.6210937500000073,1.0689724137931034,-10.339280439722483,22.97317297722965,51,14,15
21.72425,22.661125000000002,54.555048631304516,22.096578663793125,1.08594,-5.282455884434821,24.44756241669261,50,16,14
16.770625,17.055124999999997,55.19605686157969,-8.108162715517253,1.0341214285714286,-11.520551011717657,23.349697701504113,52,16,12
20.536125,20.853749999999998,47.87116368885806,12.358566810344824,1.0377966666666665,-9.526560348928186,21.202407498972416,50,17,13
20.349,20.9125,52.450247554299935,12.675107758620705,1.1145307692307693,-11.140825792024723,28.00872452923236,54,11,15
18.7635,18.874625,49.05049837025839,1.6951778017241546,1.0305541666666667,-13.029598390683066,25.58366650497714,56,14,10
25.2155,25.309749999999998,52.34892379235523,36.3671875,1.0115222222222222,-12.653489166215657,21.20628343566352,53,16,11
21.982875,22.447125,56.50129713467673,20.9435614224138,1.0476214285714287,-10.966485837894824,22.904532241955465,52,15,13
15.445874999999997,15.351249999999999,60.903227449557185,-17.288523706896555,0.9653617647058823,-11.09573831712994,21.433484492166436,46,26,8
18.77625,18.888749999999998,54.100462002496826,1.771282327586204,0.994157894736842,-7.141334828385208,23.899511974885666,61,15,4
15.291750000000002,15.519874999999999,55.31293077695517,-16.379983836206897,1.0444444444444445,-13.688117537928248,21.282155628729708,53,13,14
18.188375,18.358249999999998,56.42126564850615,-1.0870150862068995,1.0777909090909088,-8.190219261220541,26.91389587534895,58,12,10
16.1445,16.153,56.83843471522666,-12.968750000000002,0.9509333333333334,-9.712548272243094,28.87766373569063,56,21,3
18.83625,19.504250000000003,49.861506526223785,5.087553879310366,1.0461921052631578,-12.864049162104555,22.128511188848954,42,19,19
19.20075,19.33175,58.71456525279167,4.158135775862074,1.0424882352941176,-13.817829867543521,24.577440952280405,46,18,16
18.724625,18.811124999999997,57.876660564633966,1.3530441810344735,1.0349249999999999,-11.36006118312405,26.466479954359272,52,17,11
18.72625,18.930374999999998,62.085790965261026,1.9955549568965478,1.0726653846153846,-6.1194807250449275,28.687585715810314,54,16,10
18.43125,18.650875,55.941817580516094,0.4896282327586233,0.9879428571428572,-11.74524985001578,25.09223919816133,45,25,10
19.159,19.672125,48.24469956820432,5.992052801724151,1.0286677419354837,-15.270550965289075,22.218733666105848,49,16,15
18.067875,18.36975,49.584381100060725,-1.025053879310339,1.0215676470588235,-13.348119780694473,21.805544487157224,46,19,15
21.079749999999997,21.101,54.07759647872381,13.690732758620694,1.01795,-17.15794377746081,23.922568167887686,54,14,12
18.70925,19.42275,53.27475461893765,4.648437500000011,1.0636966666666665,-12.543783237042646,22.91741171054923,50,14,16
18.6445,19.056374999999996,53.40255405512799,2.674434267241363,1.0333375,-10.860123222916965,24.08566730447448,48,19,13
20.174124999999997,20.593125,52.280469012501584,10.954337284482769,1.026048275862069,-11.567036242063393,17.765917071045955,51,15,14
18.51875,18.94575,57.84212283044059,2.0783943965517326,1.0418846153846153,-8.50677741986846,28.187308105017202,54,17,9
18.916625,19.9565,48.33720030935809,7.524245689655171,1.0648675675675676,-7.937664213556074,25.385470087269212,43,21,16
18.591124999999998,18.911624999999997,53.21799628942486,1.8945312499999922,1.0111033333333332,-15.277192411944718,19.830331502319147,50,16,14
23.227125,23.432,59.99581724787715,26.25,1.0289913043478258,-10.642106558741181,23.978046417144963,57,14,9
14.553250000000002,15.117,51.00016612036028,-18.550646551724128,1.0619545454545452,-11.263249291955251,22.622184439112807,47,16,17
19.212125,19.21275,50.98991432115378,3.5169719827586263,1.0326033333333333,-11.378624130233055,22.42564688265289,50,17,13
19.021749999999997,19.498124999999998,58.53370656586199,5.054552801724135,1.0503733333333332,-9.588110967570973,21.758971371917053,50,16,14
17.83325,18.274625,57.886140453467846,-1.5375808189655087,1.023173913043478,-14.254875219664852,20.409980585373003,57,12,11
17.11275,17.562124999999998,46.64076504724577,-5.376481681034486,1.0570173913043477,-5.953750210000491,20.863460769497234,57,13,10
20.294625,20.414624999999997,52.341807612844484,9.99259159482758,1.023807142857143,-14.624396194094272,28.652507139197645,52,17,11
16.69125,16.8355,52.56519978164016,-9.291487068965512,1.025104347826087,-12.663613079942845,22.246589640611894,57,13,10
16.577,16.843375,59.537987093906985,-9.24905711206895,0.9924000000000002,-11.122513970234763,19.13443019079597,42,25,13
19.221875,19.127625000000002,55.86484381759973,3.058324353448293,0.9709384615384615,-13.056707060056738,16.307807132705896,54,17,9
18.23925,18.62825,53.19593974950063,0.3677262931034622,1.015992,-12.751830613188782,23.0852932926956,55,15,10
19.0105,19.270249999999997,51.61632519835292,3.8267780172413715,1.022225,-8.543656595659055,17.37206173254891,56,14,10
19.585124999999998,20.04375,48.816736145247475,7.994342672413797,1.0183896551724136,-13.870587798755148,21.203417479462676,51,16,13
20.117124999999998,20.78,57.640247879973906,11.961206896551738,1.0390724137931033,-11.65982357056459,23.08558879420253,51,16,13
19.160874999999997,19.229125000000003,50.39453360549218,3.605199353448301,1.0483130434782608,-11.673916323339391,22.84891696471161,57,12,11
16.1295,16.447499999999998,55.843414936993476,-11.382004310344831,1.0168620689655172,-11.844326852176174,23.81327015494745,51,18,11
18.434874999999998,18.693624999999997,52.34758613657582,0.7199622844827508,1.039208823529412,-14.05868111439466,24.15727475489743,46,18,16
24.837125,25.120624999999997,52.49570968641708,35.348195043103445,1.030981818181818,-15.660357023224739,20.80125795172739,47,16,17
18.953625,19.595499999999998,50.529219078395116,5.5792025862068915,1.0712655172413794,-13.726080715843949,19.87108081689175,51,11,18
16.780124999999998,16.710749999999997,56.95975943877634,-9.963631465517249,1.0095285714285713,-11.00759411924578,26.16185546918269,52,19,9
18.189,18.727875,52.75495949470073,0.9044989224138051,1.071534375,-9.27376630619188,25.778773863205046,48,17,15
16.569125,16.755000000000003,52.850796196827865,-9.72521551724136,1.0740699999999999,-16.27704092154157,23.225144552733166,50,12,18
16.68425,17.2585,53.78229461661546,-7.012392241379296,1.0206357142857143,-10.125125799681916,23.994440447581788,52,18,10
17.705000000000002,17.816,59.00161947745244,-4.008620689655172,0.9914576923076924,-12.42820826900596,21.022758456911713,54,17,9
18.2695,17.959875,52.06753560431423,-3.2334321120689578,0.98750625,-12.553396461926178,27.67548503818189,48,23,9
19.311374999999998,19.828625,50.62224518763851,6.835264008620691,1.0132135135135136,-12.415681465336975,21.471588518354714,43,22,15
15.6585,16.123250000000002,57.4396336111606,-13.129040948275843,0.9934037037037037,-14.686582242302197,27.408168048986546,53,18,9
17.082749999999997,17.74725,55.89786599571336,-4.37904094827585,1.1111107142857144,-9.103576632400017,26.24483195628021,52,12,16
19.938374999999997,20.412125,58.2245223744666,9.979121767241384,1.0543185185185184,-10.357863764946465,25.183975860754064,53,15,12
18.778125,19.018625,60.05591945498221,2.471039870689663,0.9919090909090911,-13.795627969395381,21.86038661843664,47,21,12
18.831249999999997,18.87325,57.44835555054534,1.6877693965517244,0.9908103448275862,-12.502021114634749,21.131943055634956,51,19,10
17.919874999999998,18.238875,57.14814347094429,-1.7301993534482683,1.0269242424242424,-12.105717958831368,25.441122285148857,47,20,13
15.468625,15.86375,57.20682748528152,-14.527209051724135,1.0765555555555555,-5.787143011143297,24.47676796893955,53,15,12
17.4555,17.878875,49.3063923898096,-3.6698545258620583,1.0653647058823532,-10.149751343935897,25.279855443065316,46,18,16
17.047625,17.395500000000002,56.380664614690225,-6.274245689655156,1.058328125,-11.938734701968244,23.61091026199226,48,16,16
15.233499999999998,15.690375,54.0582383556229,-15.461341594827582,1.0011972972972971,-12.419763760561445,18.53542053546659,43,22,15
17.865875,18.20425,51.27814819895018,-1.9167564655172438,1.0666763157894739,-10.433762002520234,25.68520298227851,42,20,18
17.48025,18.20475,51.48715044719443,-1.9140624999999898,1.1138906249999998,-13.736878746213575,24.550023565275254,48,11,21
20.212875,20.305500000000002,53.3339653374471,9.404633620689674,1.0398735294117645,-13.436759370383152,26.079363636012875,46,19,15
15.562000000000001,16.252249999999997,54.69692957393135,-12.4339978448276,1.0269333333333335,-12.021940782797955,22.704679783734743,47,19,14
15.134375,15.075,60.632620085198056,-18.776939655172413,1.0076620689655171,-12.71954261579362,22.870102607632944,51,18,11
19.512124999999997,19.857499999999998,57.766960608904405,6.990840517241377,1.0595032258064516,-7.772682422947126,24.93312621530162,49,18,13
15.627999999999997,15.88925,54.04194701847882,-14.389816810344819,1.023658064516129,-10.759940519717036,23.167188538280147,49,19,12
14.501749999999998,14.9565,60.096979560257054,-19.415409482758612,1.0396785714285715,-9.53251476295718,24.828329124158817,52,17,11
19.872374999999998,20.182125,58.58664621524776,8.739897629310347,1.0142785714285714,-10.99298286334381,23.77204417369547,52,18,10
25.942749999999997,26.0195,54.05583770910447,40.19127155172415,1.049051724137931,-10.205447260401233,26.280429482272655,51,17,12
16.945375000000002,17.501875000000002,56.68817590140811,-5.7011045258620525,1.0836142857142856,-6.463087643028297,24.653949821046023,59,11,10
20.437,20.841250000000002,52.83304430972391,12.291217672413813,1.0399914285714287,-14.46560983130872,23.514387089210302,45,18,17
18.43775,18.627375,54.291734913594794,0.36301185344828646,1.006585185185185,-11.624932476581154,21.545796884973004,53,17,10
17.824749999999998,18.536125,51.34492217234954,-0.12863685344827755,1.096004,-11.13621596863117,25.866122543130235,55,11,14
18.603374999999996,19.183124999999997,47.68518045058959,3.357354525862059,1.0320264705882352,-9.38504418749607,26.294071454136475,46,22,12
16.933124999999997,17.706625000000003,52.293661404991795,-4.597925646551704,1.1244399999999999,-9.321770346251673,26.915766779691083,50,12,18
15.7095,16.266000000000002,53.09604051399426,-12.359913793103432,1.0410727272727271,-10.281169961379755,23.649139183194972,47,19,14
19.386625,19.734625,54.217716468073874,6.328798491379324,1.0492071428571428,-10.821429374247131,25.93064992210921,52,16,12
18.196999999999996,18.957749999999997,46.0626924909845,2.1430495689655094,1.0796965517241377,-9.58640044203623,22.240674907041132,51,13,16
15.975249999999999,16.414125000000002,52.070999437902856,-11.561826508620673,0.9992741935483871,-13.315196881961405,20.933225121743963,49,19,12
18.52825,18.8435,48.47279190593383,1.5274784482758625,1.0303666666666667,-13.922226468831312,22.401842410495583,50,16,14
21.059625,21.04975,54.08120415564584,13.414601293103454,1.004039393939394,-11.512442692565875,27.80273621664484,47,23,10
17.993125,18.33625,59.19360851011746,-1.2055495689655118,1.0296296296296297,-11.699044387497143,21.3234440906209,53,15,12
18.801375,18.831625000000003,51.101611845735384,1.4634967672413999,1.0336870967741936,-13.596258144874637,26.8255350173619,49,18,13
17.568,18.1965,51.49136106899482,-1.9585129310344742,1.111118181818182,-10.644824252322273,26.158354721757544,58,9,13
17.3875,17.67725,66.10168678973017,-4.756196120689644,1.0653617647058824,-7.758329910624246,26.98016599238451,46,20,14
18.693624999999997,18.770249999999997,51.42369131033948,1.132812499999992,0.9792666666666665,-10.106877514519848,20.013712911490636,50,22,8
17.83475,18.197375,51.25300527052457,-1.9537984913792983,1.0158785714285714,-10.097296218675943,22.693346200587992,52,18,10
14.982874999999998,15.419874999999996,55.10969756296377,-16.91877693965519,1.00278125,-9.072924503906094,20.895548006924113,48,22,10
17.877125,18.383000000000003,56.03047227238479,-0.9536637931034271,1.05482,-10.204961215716853,25.99476928814376,50,17,13
20.3385,20.759750000000004,59.3625361528034,11.852101293103477,1.0574758620689655,-12.167400210727088,24.921500616567126,51,15,14
21.58475,21.658875000000002,56.57314001428588,16.696524784482776,1.03125,-10.267222643758407,28.718424657321656,48,21,11
19.5415,19.533499999999997,60.191060897476724,5.245150862068955,1.0079357142857142,-13.343586382907713,26.222826814597614,52,18,10
17.823874999999997,18.4635,50.38527426018609,-0.5199353448275804,1.0467482758620688,-9.381918024621282,24.643691479053032,51,17,12
17.978625,18.371000000000002,46.75342555087785,-1.0183189655172227,0.99936,-10.034718640619436,19.065540592326986,45,23,12
17.2555,17.612625,54.55128990845811,-5.10439116379309,1.0276297297297297,-11.49913254765739,26.181123647823448,43,23,14
15.160374999999998,15.60625,59.89128723749434,-15.914601293103448,1.0377733333333332,-12.676648515700752,22.539892130754254,50,16,14
17.392000000000003,18.1125,53.801124842177764,-2.4110991379310236,1.075009375,-9.71388794896588,24.729238738902012,48,16,16
20.279374999999998,20.132624999999997,58.98687567798812,8.473195043103441,0.9757454545454546,-14.364782135385298,23.131487861314124,58,15,7
21.132375000000003,21.311875,55.104894368329724,14.82691271551725,1.0329,-12.834418225118144,23.861278015496335,55,14,11
16.432,16.322125,57.38807504413689,-12.057516163793098,1.0026969696969699,-10.529771192611827,25.11634503928925,47,23,10
18.428375,18.1935,53.29266375069397,-1.974676724137923,0.9259142857142855,-12.597718184919827,23.70647574950243,59,18,3
19.390249999999998,19.819875000000003,50.035293153758396,6.788119612068991,1.06325,-10.941061064342978,23.619620320299678,54,13,13
18.602375000000002,18.67275,54.44879140582357,0.6074892241379413,1.006338095238095,-12.776844327077535,18.495993068605145,59,12,9
18.53775,18.468375,48.147849188773726,-0.4936691810344664,1.0172888888888887,-12.29994865986442,19.26565654846239,53,15,12
16.414499999999997,16.86325,48.014304100868564,-9.14197198275861,1.0631657894736843,-11.724009066207092,24.343376046519435,42,19,19
18.84225,18.846875,54.97681279730533,1.5456627155172522,0.9841178571428572,-15.432559818123284,23.3409021858845,52,18,10
19.131999999999998,19.445625,54.626988432528925,4.771686422413799,1.0242454545454545,-8.588054785487929,24.48080534084916,47,22,11
16.87825,17.80575,52.40647250055965,-4.063846982758616,1.0696333333333332,-12.563480454654778,24.01645105989798,50,14,16
22.367,22.766624999999998,58.54263121235712,22.665005387931032,1.0191655172413792,-7.592008255978626,19.9772712752602,51,19,10
18.882375000000003,19.329875,55.75219466413341,4.148033405172428,1.00695,-10.433013155047083,19.278413087546564,48,20,12
17.359875,17.933875,52.93038850941254,-3.373518318965508,1.0508763157894736,-10.881955289008278,22.84281467295422,42,20,18
20.928375,21.287375,55.977003471710596,14.694908405172427,1.0426432432432433,-10.518875810936267,19.891481514249747,43,19,18
18.592624999999998,18.505625,57.43178936290734,-0.29296875000000155,0.9926,-12.088042146946101,33.26297079284566,56,18,6
18.055375,18.515750000000004,56.73561660640117,-0.23841594827583285,1.026664,-10.805850530058027,22.876161821100347,55,15,10
19.762499999999996,20.42275,50.68338505004648,10.03636853448277,1.0464666666666667,-10.322491993548246,27.703986709198166,47,20,13
18.3695,18.388625,57.2807104152026,-0.92335668103447,0.9988849999999999,-13.322270665632988,21.94156884642507,40,25,15
19.520374999999994,20.078375,50.558508755459656,8.180899784482772,1.0104156249999998,-10.651960156231784,20.53800192399792,48,20,12
16.90875,17.1215,47.16055288303894,-7.750538793103436,0.9805541666666667,-12.389872795803804,18.891753581709402,56,16,8
20.848374999999997,21.077125000000002,57.78263503938388,13.562095905172434,0.9921096774193547,-10.624446612748445,23.222815021717768,49,22,9
17.5125,18.13725,54.680809197642496,-2.2777478448275703,1.0165256410256411,-9.318128199305168,23.588116218159048,41,26,13
17.669999999999998,17.610875,52.190644247247064,-5.113820043103441,0.9960285714285714,-12.790508414676662,18.823355127160468,52,17,11
19.711999999999996,20.157,51.86804724367144,8.604525862068973,1.0880384615384615,-10.33860466581847,31.097454344034897,54,14,12
18.112125,18.52375,53.330834905348425,-0.19531249999999464,1.0322516129032258,-13.345955441768684,23.359745278619357,49,17,14
18.544124999999998,19.0565,53.83390112801878,2.6751077586206957,1.0007064516129032,-10.68714658227078,22.68633458161483,49,21,10
16.553874999999998,16.841874999999998,57.87016625548376,-9.257139008620694,0.9824909090909092,-10.184052615625486,20.73189821364039,47,24,9
19.013749999999998,19.07075,56.979914786585795,2.751885775862078,0.9969275862068965,-14.78767271850873,20.210999653022412,51,17,12
16.268874999999998,16.691875,61.27478416713308,-10.0653286637931,1.0157677419354838,-11.913397752066222,22.976302150081324,49,19,12
14.61875,14.891750000000002,55.89834712273492,-19.764278017241363,0.9892620689655173,-14.722442522401588,24.905265733248136,51,19,10
16.359249999999996,16.200125000000003,58.417102759658476,-12.714843749999977,0.9933299999999999,-12.19954210202276,22.42482526302132,50,20,10
22.241625,22.913999999999998,54.83090418519843,23.45905172413793,1.0814814814814813,-11.446271491098837,26.347928773315967,53,13,14
19.438375,19.521625,54.87568442190728,5.181169181034491,1.0100290322580645,-11.544295428653353,27.32269811111818,49,21,10
15.013499999999999,15.377499999999998,56.014645099469405,-17.147090517241388,1.0461384615384617,-13.856919157031639,26.119314315242423,54,14,12
19.022,19.170375,56.05682472643502,3.2886584051724204,1.068444,-11.660777932502222,23.9514930892168,55,12,13
20.015874999999998,20.355375000000002,59.531353676629564,9.673356681034502,1.0480354838709676,-11.993019597108137,25.23178807454767,49,17,14
22.9635,23.33475,55.34158028578059,25.726023706896555,1.047322580645161,-9.823569652435113,22.371174041437534,49,17,14
17.8145,18.015625,48.55838556315406,-2.9330549568965454,0.9865035714285713,-13.587654868769137,20.679480114174094,52,18,10
21.452499999999997,21.874125,54.62258744577182,17.856276939655178,1.1176041666666665,-10.622730750240542,25.215361802069392,56,9,15
16.518625,16.681625000000004,51.383065147778304,-10.120554956896525,1.0368228571428573,-11.83500281729132,22.109316735965756,45,19,16
16.772125,16.767000000000003,62.065503578912825,-9.660560344827564,0.9982923076923077,-10.060774595264363,26.711547354852943,54,19,7
23.618625,24.258375,55.32352785445103,30.702451508620705,1.0308225806451614,-9.761793510125358,20.846375564373144,49,18,13
19.768624999999997,19.971625,52.49672207670192,7.605738146551729,1.033672727272727,-11.877305847246866,21.63468115789673,47,18,15
17.15975,17.700499999999998,53.793492767384876,-4.630926724137935,1.0597218750000001,-9.933621401282485,24.004271513136352,48,17,15
16.109125,16.426875000000003,57.726294524668106,-11.493130387931014,1.002223333333333,-11.569670754861608,23.77532265238751,50,20,10
17.647750000000002,17.606624999999998,46.5051537777913,-5.136718750000007,1.0269,-14.941922387593076,26.927525763281977,61,11,8
20.217125,20.282125,52.68633780351607,9.278690732758632,0.9880928571428571,-14.18992356888812,22.24849213352564,52,18,10
21.274250000000002,22.091625,56.82151338356446,19.02815193965518,1.080462068965517,-12.047902637147148,22.208897686096453,51,12,17
16.907875,17.00075,55.483619676681315,-8.401131465517235,1.035046153846154,-9.9246648320153,21.85884337439907,54,15,11
18.50675,19.215249999999997,55.03745367648565,3.530441810344821,1.06222,-13.011239147889603,25.466612943216443,50,15,15
15.337875,15.58775,53.47877666440344,-16.014278017241374,1.0259266666666667,-15.068959390141865,29.078091158335894,50,18,12
19.810499999999998,20.048125,54.05731341915452,8.017914870689657,1.002303448275862,-11.337071671597528,19.213380452904392,51,18,11
17.597125,17.51325,52.55854586826671,-5.639816810344825,1.0309173913043477,-14.7988461534434,22.632740679742028,57,12,11
17.99925,18.50625,58.498605407375216,-0.28960129310343374,1.0925966666666664,-12.05508269662407,27.95701493130934,50,14,16
18.984625,19.496249999999996,52.496109109404856,5.044450431034471,1.014558620689655,-10.62706351236528,21.19887340964303,51,18,11
16.301750000000002,16.576249999999998,54.76192100648842,-10.688308189655176,1.0237033333333334,-12.283142359885467,27.67443295998255,50,19,11
18.452624999999998,18.832624999999997,53.87792087725045,1.4688846982758508,1.0000029411764704,-9.690946715706149,17.772699426939013,46,22,12
20.329375,20.8285,53.8177131691634,12.222521551724135,1.0546333333333333,-9.564802194264788,26.467602756821613,56,14,10
16.879875000000002,17.732375,52.684015316264855,-4.459186422413781,1.1263968750000002,-9.591361683300963,27.864471967744397,48,13,19
19.128125,20.127999999999997,47.41661387341376,8.448275862068954,1.1023606060606062,-12.340525227169278,21.50561496205845,47,11,22
16.917250000000003,17.302125,55.15289558776835,-6.777343749999992,1.087251851851852,-8.519636724826254,24.799943744983604,53,13,14
19.34975,20.00925,54.09946063124209,7.808459051724154,1.0659366666666665,-11.823723724731366,25.070750881837537,50,15,15
19.065625,19.16625,54.03652976249359,3.2664331896551877,0.9849249999999999,-10.329163817288052,20.58100357762021,52,20,8
20.2625,19.89675,54.04894355930588,7.202316810344839,1.0551370370370368,-20.19569357942071,26.10757816801273,53,12,15
22.609999999999996,22.828625,54.6925237169055,22.999057112068968,1.019552,-11.121343542947123,25.198084223447765,55,16,9
22.653125,23.33725,57.66658050238313,25.739493534482772,1.0428535714285714,-11.711727552198596,22.752920904973184,52,15,13
15.644499999999999,16.030124999999998,58.763228044902206,-13.630792025862073,1.0415774193548386,-11.365819675358976,23.04220905949213,49,17,14
13.917750000000002,14.383,57.08248633930736,-22.50538793103448,1.040125,-11.641850490585997,25.91594626188235,44,21,15
16.067625,16.07425,55.67542973745256,-13.393049568965514,1.0000086956521739,-9.8809235152791,22.55447837786063,57,16,7
15.771124999999998,16.551000000000002,49.284510494867476,-10.824353448275845,1.0507942857142858,-12.285371876695999,25.694412553598262,45,19,16
18.179125,18.446625000000004,56.814517191025374,-0.6108566810344518,1.036211111111111,-10.470563120404506,27.53750520265629,53,17,10
19.83925,20.347749999999998,57.10178384603425,9.632273706896548,1.06528125,-10.714371507094896,23.755950216346,48,16,16
14.593625,14.879,56.74536409522184,-19.832974137931032,1.0333384615384615,-9.14472184661277,26.95686265530806,54,17,9
24.657,25.332750000000004,53.198761278165094,36.49110991379313,1.0769821428571429,-11.105570401718975,24.016177602827195,52,13,15
17.849749999999997,17.812624999999997,54.15984430540589,-4.026804956896561,0.9536173913043478,-12.348971093422456,23.07397711096318,57,18,5
18.717,18.783749999999998,54.15984112893633,1.2055495689655118,1.0048217391304346,-15.106200444468099,24.73568369927134,57,14,9
18.770874999999997,18.471999999999998,56.18024172982719,-0.474137931034488,0.9881433333333332,-12.684779777982145,21.80216921752008,50,20,10
17.39575,17.720374999999997,53.7728342887702,-4.523841594827595,1.0460392857142857,-9.651237251796076,26.715954305911087,52,17,11
17.54775,17.714499999999997,58.498986751631165,-4.555495689655179,1.011108823529412,-11.638524484620804,24.463825135178553,46,22,12
19.62025,19.74475,50.68651385827656,6.383351293103455,1.0214074074074073,-12.104744804015509,22.81391417983164,53,16,11
16.62325,17.047625,58.18265442224846,-8.148572198275856,1.0502434782608696,-9.210551710905879,23.546193738319538,57,13,10
17.478625,18.08925,54.5821459507639,-2.5363685344827527,1.0635000000000001,-11.26111785945142,21.623359064945223,52,13,15
19.732374999999998,20.3615,53.1198825781014,9.706357758620694,1.0637066666666668,-13.788974527865594,24.009174254703723,50,14,16
19.0595,19.3775,53.7988811830729,4.404633620689669,1.0125933333333332,-11.011039378458749,19.61647901116716,50,18,12
19.944375,20.502625000000002,54.339299086624514,10.466729525862087,1.0731193548387097,-11.795577769768776,30.471689873935873,49,17,14
16.115375,16.408,52.286201368921915,-11.594827586206884,1.0317392857142855,-12.582885949393082,27.467873481929544,52,17,11
21.559499999999996,22.12575,51.28699792219944,19.212015086206904,1.0121136363636363,-10.429762696118779,18.02200971543652,58,13,9
19.83175,20.79025,55.38632797306904,12.016433189655181,1.085421875,-9.739993944473538,21.044365673228445,48,13,19
19.642625,20.084875,52.22678444536284,8.215921336206906,1.0567068965517241,-13.181845223359804,23.270759041981446,51,14,15
17.8115,17.673,50.495451648821074,-4.77909482758621,0.98888125,-15.133886093441411,25.640374757196284,48,21,11
19.362624999999998,19.553625,54.24192873711831,5.3535829741379395,1.0463055555555558,-13.846961491773689,23.091303224094116,44,18,18
22.26575,22.602,53.58122054157296,21.77801724137932,1.03378,-11.269654575718832,22.038174170391123,55,14,11
16.253875,16.900624999999998,54.06924009824472,-8.940598060344831,1.048892,-11.081321368212171,22.239553383426564,55,13,12
19.949624999999997,19.869,58.312155282972846,7.052801724137938,0.960574193548387,-13.437930348104482,28.553213303667555,49,24,7
18.556124999999998,19.0555,53.18576570158092,2.669719827586206,1.0855962962962964,-10.902533848164989,21.949750781971417,53,11,16
17.348000000000003,17.570124999999997,56.34765109425127,-5.333378232758629,1.0316269230769228,-10.078650540312463,21.230882962924582,54,15,11
14.878625,15.524750000000001,54.059952357701924,-16.35371767241378,1.0637133333333333,-9.1815836996713,21.96245861822022,50,15,15
19.168124999999996,19.57925,60.059566156427465,5.49164870689655,0.984941935483871,-12.217699678091435,17.995275018876182,49,20,11
17.450875000000003,17.54925,51.82251810164373,-5.445851293103439,0.9726384615384613,-10.442966097849952,22.96878908386375,54,20,6
20.843625000000003,21.3005,48.78856545232699,14.765625000000004,1.0427423076923077,-8.50308532086637,24.69237638944957,54,16,10
19.966124999999998,20.442625,62.94032735768461,10.143453663793109,1.1175709677419354,-8.43469628894046,30.753207247253215,49,15,16
17.138749999999998,17.109,53.00564459643196,-7.817887931034467,0.9913967741935481,-11.299468544559218,29.141715514281877,49,23,8
14.934499999999996,15.337875,52.29536494903076,-17.36058728448275,1.0512846153846154,-9.007087587387428,24.45771409728453,54,15,11
19.610750000000003,19.727375000000002,59.74354265191284,6.289735991379329,1.0538615384615384,-9.00744430014951,22.226825745601715,54,14,12
21.446625,21.453375,60.19495835739582,15.589304956896566,0.9827074074074074,-13.211004876265536,21.257578984278908,53,18,9
18.20225,18.612125,53.29879026060993,0.2808459051724149,1.0322580645161288,-11.449133259064663,23.61367729492816,49,18,13
16.878249999999998,17.50675,55.24444685889222,-5.674838362068957,1.0651379310344828,-11.594053137803938,23.400268427765074,51,14,15
18.68575,19.420625,56.62473338023608,4.6369881465517375,1.0255757575757576,-12.338913113104518,20.43780873077852,47,18,15
17.830000000000002,17.925625000000004,54.303422344018855,-3.417968749999974,1.0077347826086955,-12.519807303760846,21.501304061965683,57,14,9
18.970125,19.29925,52.71689364868879,3.9830280172413897,1.0277785714285712,-12.237088397225524,22.806254778715527,52,16,12
19.9515,20.89975,52.69984695162143,12.606411637931048,1.0910516129032257,-12.118271744036393,24.471559775044312,49,13,18
18.559125,19.071,50.34935222579837,2.7532327586207046,1.0659483870967743,-9.706225126564576,26.342144458282213,49,17,14
15.997125,16.270875,59.34847377592896,-12.333647629310338,0.9645750000000001,-14.676885636697728,24.930774260789576,48,23,9
19.320125,19.712,56.6801363635115,6.206896551724144,1.049810344827586,-8.351921757444284,23.86043116385038,51,17,12
19.502125,19.81825,47.7824692220034,6.779364224137933,0.9979681818181816,-14.170268308789531,20.034748487896714,58,13,9
21.3765,22.24125,56.09051873056611,19.83432112068967,1.1118633333333332,-5.26428159188546,20.695265163137886,50,11,19
18.920625,19.288875,55.666039389194545,3.9271282327586325,1.030154761904762,-12.608099982027975,26.065482579236058,38,25,17
18.526,18.834625,59.57530148765209,1.4796605603448296,1.0570086956521738,-12.95281362157033,26.04217984803609,57,12,11
15.353874999999999,15.733875000000001,51.638670314132916,-15.226966594827573,1.0422233333333333,-9.383907918849983,24.635636155542457,50,18,12
18.09825,18.22325,57.3240986850579,-1.8143857758620614,1.0275480000000001,-15.217733517644843,25.64925924933733,55,14,11
19.589624999999998,19.84675,54.86169154228855,6.9329202586206975,1.0474818181818182,-11.34989905240675,20.79629372162139,58,11,11
17.797874999999998,18.3265,53.88718697120859,-1.2580818965517209,1.0296333333333332,-10.698837655872662,22.803281666408896,53,16,11
17.200625,17.854000000000003,51.455993909567944,-3.8038793103448065,1.0473096774193549,-9.310229261672823,21.75640907368896,49,17,14
19.175125,19.637125,51.97367214297506,5.803475215517254,1.026810344827586,-12.589382582307117,19.04978794786928,51,15,14
17.941125,18.059125,52.00742778176406,-2.698679956896536,1.04445,-11.274684261774746,26.465239141874015,56,14,10
20.810875,20.7425,55.398827586392265,11.759159482758626,0.9649000000000001,-12.889321882638964,22.68461439589899,61,14,5
21.434749999999998,21.329375,55.533578812682585,14.92120150862069,0.9828181818181817,-12.646149665828034,27.42314023946459,58,16,6
16.34375,16.3,55.03618828251342,-12.176724137931025,0.9915758620689655,-10.307067596887077,28.94920373387837,51,22,7
22.219125,22.997999999999998,58.980395829013645,23.911637931034477,1.071690322580645,-10.009564101613224,25.496326095033382,49,16,15
17.216625,17.691875,51.510178631383496,-4.677397629310341,1.0666709677419355,-8.34762303992416,24.915039375396308,49,17,14
20.059625,20.541,52.01275548196623,10.673491379310354,1.0270812500000002,-12.594429119634858,22.396361333351045,48,18,14
18.850499999999997,19.488625000000003,50.65999132881207,5.003367456896573,1.0417545454545454,-11.085047136571868,22.521230885700444,47,18,15
16.99975,17.447875,58.50424669792109,-5.992052801724133,1.0740875,-10.593295217994177,25.374346773064957,56,12,12
17.843375,18.141375,55.12712296747024,-2.255522629310338,1.03822,-12.819777937434255,21.844324289885325,55,13,12
18.088,18.17575,60.16874169645669,-2.0703124999999893,0.9888818181818183,-11.121876632101813,20.309754885445916,58,15,7
20.132625,20.982625000000002,53.56221038799364,13.052936422413813,1.1182870967741936,-11.561529415034709,24.667563292335636,49,11,20
19.577625,19.668374999999997,56.70131178126523,5.971848060344821,0.9851809523809523,-11.542747019864292,23.717952794040755,59,15,6
17.564249999999998,17.95025,56.921683150793,-3.2852909482758528,1.0043032258064515,-9.984325592226059,19.40418568482064,49,20,11
19.02775,19.265625,53.988966307832854,3.801858836206904,0.9858545454545454,-12.2985020183939,23.559322624425597,47,23,10
19.25325,19.484249999999996,51.350490945749414,4.979795258620674,0.9797863636363637,-13.776769548855315,23.179698817059478,58,15,7
22.374125,22.6095,53.990908882789704,21.818426724137943,0.9838363636363636,-11.632619864529577,15.926524767819581,47,21,12
24.517999999999997,24.353625,51.373591404290366,31.21565193965519,1.0119214285714286,-9.252852191073636,23.23317748804386,52,19,9
16.643875,17.488375,57.03035980282252,-5.773841594827572,1.054530303030303,-12.44811269634837,20.36787056426435,47,15,18
17.5505,17.973750000000003,61.47384835502254,-3.1586745689654965,1.02655,-10.478824202487651,21.03757824475201,44,21,15
16.696125,16.943624999999997,62.66793357018921,-8.708917025862076,1.0047535714285714,-12.584089047647959,24.027936395187144,52,18,10
18.663625,18.743625,57.61925757601452,0.9893588362069118,0.9555416666666665,-12.577137541753043,19.98299570870347,44,27,9
15.607375000000001,15.9625,51.17306986418695,-13.995150862068959,1.0769269230769232,-10.612628348070068,26.007709269816818,54,13,13
16.383874999999996,16.900624999999998,52.49530943664051,-8.940598060344831,1.0336146341463415,-8.098183004229524,23.25637985270344,39,26,15
16.53575,16.996625,60.065611132159134,-8.423356681034468,1.0596526315789476,-11.114756669810657,27.060629040233255,42,21,17
18.61425,18.94375,54.28866159734811,2.067618534482773,1.0583416666666665,-7.611297956845044,24.726899174955896,56,14,10
16.199624999999997,16.333375,54.92842606326101,-11.996901939655165,1.0155633333333334,-11.557820320746702,24.286971436089356,50,19,11
16.745875,17.313125000000003,60.392967646369144,-6.718076508620667,1.0381820512820512,-10.468355022746342,20.484211834350514,41,21,18
18.514875,18.620875,50.22919687543851,0.32799030172415355,1.0222212121212122,-12.248485257054861,24.460373445543475,47,20,13
15.695375000000002,16.13375,48.59038803164159,-13.072467672413794,1.0388833333333334,-11.27605450091484,25.097610560921186,56,14,10
18.173125,18.394625,54.23809982865371,-0.8910290948275721,0.9825321428571427,-11.3364809401928,22.245997134285943,52,20,8
18.316625,18.993000000000002,54.957801842074836,2.332974137931053,1.0508999999999997,-11.826757055309217,20.97204215082194,49,15,16
21.801,22.006875,57.95319933510383,18.571524784482772,0.9739413793103447,-12.461161020700143,19.257035907194478,51,20,9
19.267374999999998,19.29525,57.99033322084455,3.961476293103452,1.0157291666666668,-13.983328175239942,23.360535240196693,56,14,10
20.051625,20.38575,55.04622559856222,9.837015086206913,1.010672,-8.472083440078563,18.06027293253426,55,16,9
18.552124999999997,18.455374999999997,54.76291148858985,-0.5637122844827704,1.0040333333333333,-14.400736878403668,26.324898818015527,47,21,12
16.25125,16.372125,56.244884596496966,-11.788119612068956,1.023037037037037,-14.939058065206378,20.854868039459273,53,14,13
16.816875,17.1745,54.697546210507575,-7.464978448275865,1.0168840000000001,-10.84952101180588,23.955036203706157,55,16,9
21.040875,21.114874999999998,54.856339578973824,13.765490301724133,0.9833321428571428,-11.444602733722645,19.00592179426006,52,19,9
19.915625,20.397375,50.39247279139052,9.899649784482767,1.0423624999999999,-11.63352031521026,22.25891577327227,48,17,15
19.707625,20.255625000000002,57.4090330855683,9.135910560344845,1.0157645161290323,-10.194585451350887,26.209405509332633,49,21,10
18.258875,18.411624999999997,55.12971267028978,-0.7994342672413872,1.0053689655172413,-12.324149857370719,21.627654779353094,51,18,11
22.111,22.32525,53.96665841890387,20.286907327586217,0.9836899999999998,-14.671130288800057,24.42803964879433,50,20,10
18.596625,19.26525,60.240534934835765,3.799838362068982,1.082973333333333,-9.168503579751098,25.80124527682873,50,15,15
23.0045,23.140249999999998,56.87847510965449,24.678071120689655,0.9894684210526314,-11.664692639798647,17.155573243883254,61,12,7
23.326500000000003,23.497999999999998,52.67139825121039,26.605603448275854,1.0148074074074074,-14.501611595771948,28.705945249944147,53,17,10
22.267625,22.872625,52.62456114914198,23.23612607758621,1.0590312499999999,-15.686485670345268,24.9770880748499,48,15,17
19.711125,20.261875,51.78556556294542,9.169585129310352,1.012436,-11.269279859484758,19.991050479354463,55,15,10
17.674374999999998,18.134,56.39332337390248,-2.2952586206896464,0.9937976744186048,-10.303963297081145,21.709073968344924,37,30,13
15.207999999999998,15.636000000000001,57.05029820459204,-15.754310344827575,1.0551827586206897,-8.885443546175267,23.28214038935871,51,16,13
19.191125,19.071125000000002,46.680296358425934,2.753906250000018,0.9624937499999999,-12.959432004426782,19.76902558895492,48,23,9
20.435624999999998,20.82,52.70533115638531,12.176724137931044,1.0548266666666666,-9.73735095018431,22.864654629538276,50,16,14
20.26075,20.766250000000003,54.813001495988026,11.88712284482761,1.0594424999999998,-11.78138500645338,23.680848645541325,40,20,20
16.506624999999996,17.053125,47.57018504640572,-8.118938577586194,1.057581818181818,-9.601980482128093,24.24199204757766,58,12,10
16.317875,16.69425,54.76931517612513,-10.0525323275862,1.0086869565217393,-10.006287466446016,17.778087225737014,57,14,9
17.731500000000004,18.3395,55.6349825522676,-1.188038793103436,1.028565714285714,-12.212670192231577,22.96809238981444,45,20,15
18.052999999999997,18.417250000000003,49.03756688607489,-0.7691271551723919,1.003,-10.86398835966479,20.86033600139813,43,24,13
20.093125,20.645249999999997,48.48909195814556,11.235183189655165,1.0255969696969698,-11.12189989585062,21.10944472746575,47,19,14
20.9695,21.860625,47.81172412146677,17.78353987068966,1.1176999999999997,-9.7877839874948,24.44373389853236,53,10,17
18.905124999999998,19.125,54.55881959851381,3.0441810344827656,1.0031750000000001,-12.422630792944572,19.999420703763082,52,17,11
18.21925,18.544,57.13100945214544,-0.08620689655171465,0.995134375,-12.780217245311555,20.00330442396464,48,20,12
19.8675,19.935,60.020255601626474,7.4084051724137945,1.0013454545454545,-11.421570573767644,20.35186952015089,47,21,12
20.1915,20.049375,59.14169409319244,8.024649784482774,0.9546291666666668,-11.222522804835533,20.933655960217624,56,19,5
19.203500000000002,19.252,57.64602353976461,3.7284482758620703,0.998069565217391,-11.406114328571874,25.423313189865375,57,16,7
18.70325,18.9195,52.857850328440215,1.936961206896555,0.9931576923076921,-12.854215219012561,26.649008685430296,54,18,8
17.992875,18.576625,50.84703718893461,0.08957435344828245,1.0837033333333332,-10.686267132350434,27.407027874980777,50,15,15
16.223125,16.649749999999997,50.82113689060862,-10.292295258620697,1.03778,-11.289830537689568,20.951126084890245,50,16,14
18.160375,18.18225,57.20602642518601,-2.0352909482758563,1.0286870967741935,-10.353995094426564,26.887752984165807,49,20,11
16.7575,17.15775,52.66419518924046,-7.555226293103441,1.0337444444444444,-11.835608033203302,22.389810327218736,53,15,12
19.284875,19.561,55.48576857651631,5.393318965517248,1.0658714285714284,-14.126867542209286,27.328824919029273,52,14,14
17.24825,17.567,53.79597848529083,-5.350215517241372,1.041760606060606,-7.790414125547692,18.527851925984336,47,18,15
19.04375,19.581124999999997,58.619113785615795,5.501751077586196,1.0311142857142859,-8.191960689108049,22.234449940016855,45,22,13
18.244374999999998,18.734375,54.80356324334756,0.939520474137938,1.0174571428571428,-11.48719297347763,22.20321867801017,52,17,11
16.038249999999998,16.545749999999998,58.20091451091349,-10.8526400862069,1.0451612903225806,-10.113275191579142,24.788676447212627,49,18,13
20.589125000000003,21.240875,52.32902614052708,14.44436961206897,1.0292142857142856,-11.558015832304854,22.213612428560623,45,20,15
16.96825,17.152625,53.380421414544976,-7.582839439655163,0.9869235294117646,-10.75721351271997,21.33040712021114,46,24,10
14.532,14.648500000000002,56.52651338096615,-21.074892241379295,0.980238888888889,-11.209904648951364,25.68654619553093,44,27,9
18.145249999999997,18.466,56.63705904108865,-0.5064655172413666,0.9869205882352942,-11.025531104571732,22.020428944980978,46,24,10
23.863999999999997,24.6755,56.24940437009507,32.94989224137932,1.0565666666666664,-9.924372466682472,22.210787674383425,47,17,16
15.91025,16.585874999999998,60.0681946768427,-10.636449353448281,1.0483735294117646,-9.487193794480852,20.97942292404432,46,18,16
21.824875,21.9745,53.613505690258876,18.39709051724138,1.0259233333333333,-10.857248493428086,22.79072457453817,50,18,12
17.200875,17.06075,57.783743991685796,-8.077855603448276,0.9777777777777777,-13.62831007263656,30.495718897866475,53,20,7
16.47925,16.770249999999997,59.53625426392127,-9.643049568965525,0.9864652173913042,-13.188949042108714,25.748242414355165,57,16,7
20.469,20.464624999999998,50.66060310170033,10.261988146551722,1.01111,-10.590769586514845,22.90288013958546,60,13,7
20.7395,20.99675,52.748999277060314,13.129040948275863,1.0514631578947369,-13.564038894997003,25.940182264840438,61,10,9
21.241125,21.730625,52.14493743014914,17.083108836206904,1.0829733333333331,-15.687023979402166,26.65867030922574,50,13,17
17.990875,18.354750000000003,47.77979302251146,-1.1058728448275645,1.030917391304348,-11.847772493015,19.40829625782361,57,12,11
18.74525,19.348625000000002,51.400170174287354,4.249057112068983,1.0294351351351352,-8.212318557888237,21.280079993373313,43,23,14
16.783749999999998,16.837125,56.0710966163881,-9.282731681034475,1.0106888888888887,-13.594502872563478,26.036895161677357,53,17,10
18.611875,18.713125,58.6249115592111,0.8250269396551877,1.0111166666666669,-11.250801275063,25.838516155793492,56,16,8
18.292499999999997,18.946125000000002,50.807812641991966,2.080414870689674,1.0533320000000002,-9.763678743304778,21.673943152252537,55,13,12
19.716375,19.66975,54.80919450443413,5.979256465517251,1.0222076923076924,-15.596524024095809,30.702337035008036,67,8,5
18.533125000000002,19.181,52.89350324024473,3.345905172413805,1.0622314285714285,-8.173068820667288,21.464635140598055,45,18,17
18.2165,18.077625,49.38525665928204,-2.5990032327586077,0.97555,-13.133024529060844,22.454544457493682,50,21,9
19.586750000000002,19.994874999999997,51.975369058806244,7.731007543103438,1.0143354838709677,-16.411888008075717,20.45675266834406,49,16,15
18.4815,18.827875,50.41462973021908,1.4432920258620694,1.022215625,-12.119833793924858,26.129924380991397,48,20,12
21.461125000000003,21.6895,53.173896382173716,16.861530172413794,0.9609068965517241,-14.63238195112548,16.455051722970147,51,19,10
19.561124999999997,18.951249999999998,51.2448466372097,2.1080280172413763,0.9222192307692307,-15.546124714630366,24.855836020411157,54,21,5
16.435375,16.393375,54.64772074944497,-11.673626077586206,0.971525,-13.129485942042804,19.804197331884716,48,22,10
18.720375,18.709124999999997,51.28609043479393,0.8034752155172304,0.979865625,-10.113227939788004,22.26288406335813,48,24,8
14.595625000000002,15.14425,59.56708338617417,-18.40382543103448,1.0017128205128205,-11.806578970177181,24.106973435943164,41,26,13
16.929375,16.8685,53.3423227189434,-9.113685344827575,0.9311,-10.502179702453084,25.588807043811236,60,18,2
18.4685,18.74475,52.260311477288646,0.9954202586206955,0.9743589743589743,-11.780024911158295,18.16395840002137,41,27,12
16.292375,16.51225,55.003201940239535,-11.033135775862055,1.0027775,-11.20735758929772,19.40778908614957,40,25,15
18.153375,18.500125000000004,53.4500220167327,-0.32260237068962594,1.0383787878787878,-9.887055778708625,24.953031478744812,47,20,13
22.904500000000002,23.384,55.113313258071095,25.991379310344836,1.045274074074074,-10.364472478418437,23.14760572179581,53,15,12
15.6715,15.9745,57.83924306206205,-13.930495689655162,1.016344117647059,-9.307600228972994,19.35095373140213,46,21,13
19.16,19.27575,56.45140793163532,3.8564116379310343,1.0641115384615385,-13.88115390721979,23.82853894517256,54,12,14
17.630375,17.94275,58.919101464456105,-3.325700431034475,1.0037041666666668,-10.572779098668896,22.23642815065539,56,16,8
15.647625,16.211125,50.28310747350061,-12.655576508620689,1.0230214285714285,-11.64067375430882,20.939641888767273,52,16,12
18.30325,18.226,52.037473191142226,-1.7995689655172393,0.9636966666666668,-13.565452335998048,19.507261745753638,50,21,9
20.39275,20.814999999999998,62.67070775907677,12.149784482758616,1.0089,-10.524646143585485,20.62225282663291,50,19,11
21.102249999999998,21.472125,52.37993590667658,15.690328663793101,1.0390545454545455,-16.53109329077884,23.139797264708232,47,16,17
17.568375,18.242124999999998,53.8039555820049,-1.7126885775862113,1.0488899999999999,-9.03403601806968,23.08482979539459,50,17,13
16.531875,16.6785,51.13279275715825,-10.137392241379306,1.016994117647059,-10.458214302196353,27.07703725497198,46,23,11
19.301375,20.181624999999997,50.475147544201924,8.737203663793094,1.0946290322580643,-9.346200587196538,27.08952062437948,49,15,16
17.639875,17.894125,65.86588901817905,-3.587688577586206,1.0587321428571428,-13.000878871098882,27.69979378595503,52,15,13
20.96875,21.37475,54.991406153352116,15.165678879310345,1.0896689655172414,-10.932491285020488,27.529353676924334,51,14,15
22.410500000000003,22.6995,52.93013755796383,22.30334051724139,1.0444538461538462,-12.026161269757175,18.557046047593854,54,12,14
16.413874999999997,17.0345,54.45960125918153,-8.219288793103436,1.0600033333333334,-9.175605850073909,21.171186167410823,50,15,15
22.165125,22.051000000000002,58.256803666798376,18.80926724137933,0.9763516129032256,-11.132000963431793,22.777767204485592,49,23,8
17.99675,18.604625,50.88130950613006,0.24043642241379265,1.0705,-10.775341914770504,23.723337738673077,51,14,15
18.7215,18.996875,55.991625450291316,2.3538523706896584,1.0291241379310343,-15.986875487458235,23.200347076712358,51,15,14
17.22625,17.49325,53.76941195125416,-5.747575431034478,1.0314833333333333,-11.137936904971705,26.92627288807916,56,15,9
16.964625,17.300375,49.51393625907835,-6.786772629310345,1.0598423076923076,-8.922588214181333,29.811211454786736,54,16,10
18.256875,18.41475,53.754151572417854,-0.7825969827586057,1.0099689655172415,-10.646611854741145,23.152450188893695,51,19,10
21.55775,21.44125,57.738428144487116,15.523976293103456,1.0164666666666666,-12.036490461289734,24.89875565070833,53,17,10
16.313875,16.23025,57.99978003920477,-12.55253232758619,1.006535294117647,-13.2158519772962,23.08707865794751,46,21,13
20.694875,21.047250000000002,55.249680408014655,13.401131465517258,1.0609148148148146,-5.837137870589512,23.45871961146868,53,16,11
18.894375,19.149624999999997,54.85468936942672,3.176858836206886,0.9991500000000001,-9.13322763488987,20.2786009429978,54,18,8
21.217,21.2345,57.09898679704626,14.41002155172415,0.983112,-9.700591638926868,23.738046095098397,55,19,6
16.594625,17.081624999999995,51.58784142841961,-7.965382543103466,1.0380964285714287,-10.809359906174542,23.358185853993543,52,16,12
15.314000000000002,15.268125000000001,49.44245765658371,-17.736395474137918,1.0208727272727274,-14.037362178560864,23.976949310222988,47,19,14
16.09875,16.866875,53.492980950509924,-9.122440732758614,1.0727363636363636,-10.965127291815548,26.680542015233094,47,17,16
17.41425,17.778875,52.20025810267648,-4.2086476293103425,1.0246925925925927,-9.908798248847198,17.987612884087085,53,15,12
17.75175,18.381999999999998,55.20477633763347,-0.9590517241379356,1.0644533333333333,-8.372958190304837,25.821710824085155,50,17,13
19.350375,19.179624999999998,61.56050755953052,3.338496767241375,0.9977666666666667,-13.322126723831559,19.44522416414782,50,18,12
15.598874999999998,16.09025,60.072582896491824,-13.306842672413783,1.0915679999999999,-9.841985082668668,33.347141764164256,55,14,11
16.958374999999997,17.44875,50.56643730589031,-5.987338362068956,1.0870945945945947,-11.217663461625932,27.610756206082854,43,18,19
22.628125,22.503375,55.3073277542073,21.24663254310345,1.0111166666666667,-13.21714394079127,22.601509182105147,50,18,12
15.896125000000001,16.513875,55.00168601898561,-11.024380387931036,1.056360714285714,-7.646691274118949,18.91207980956299,52,14,14
19.413249999999998,20.08775,55.90839376304968,8.231411637931041,1.0361156249999999,-10.079904107804243,23.59207392804596,48,19,13
20.5685,20.6295,57.97017297231222,11.150323275862076,1.0588899999999999,-14.677442049974996,26.445936273712853,60,10,10
17.63125,17.801499999999997,52.65385369810733,-4.086745689655181,0.9684612903225805,-9.361118866806594,18.088708618115263,49,24,7
18.907375000000002,19.20875,58.151441293010734,3.4954202586206886,1.0168586206896553,-12.111430360734005,24.23140288300067,51,18,11
18.137375000000002,18.26425,59.660529359958694,-1.5934806034482663,1.0260551724137932,-14.760480253867355,27.184262327408167,51,17,12
16.306874999999998,16.651,51.43357153274026,-10.28556034482758,1.0338571428571428,-8.560444845262866,22.781316429930175,59,13,8
20.31125,20.590625,56.29245383145829,10.940867456896555,1.0432763157894738,-10.789597310043467,22.996336102835553,42,21,17
15.76225,16.023874999999997,55.93569321939517,-13.664466594827598,0.9798562499999999,-10.701783540983701,17.10069548605096,48,22,10
18.831125,19.11625,53.96295482391049,2.9970366379310462,1.036444,-10.159549298637923,21.21538174539454,55,14,11
17.464499999999997,17.856625,57.35171186663324,-3.7897359913792976,1.039060606060606,-10.523563572404974,23.46805941619908,47,19,14
20.481125,20.894125000000003,58.52962045918038,12.576104525862089,1.0702702702702702,-13.071056569762426,26.09719009168281,43,18,19
16.388875,16.949374999999996,57.14592729077055,-8.677936422413806,1.0666777777777778,-11.900390587436968,26.661405640448848,53,14,13
17.68375,17.893375,55.47527216174184,-3.591729525862068,1.01778,-11.863519842837404,22.209056107222388,55,15,10
19.26175,19.60825,51.15263051364691,5.6478987068965685,1.065837037037037,-11.557757560165028,29.23475287303168,53,15,12
16.199125,16.48225,56.95261974019699,-11.194773706896543,1.0111125,-9.039741905943373,25.732718836377106,56,17,7
16.59325,17.115375,52.08428110499093,-7.783539870689647,1.0293571428571429,-10.852695865935537,21.314862235972942,52,16,12
18.168374999999997,18.765,54.36069401417336,1.1045258620689755,0.9985999999999999,-13.235273642618049,21.662977728418536,48,20,12
19.209625,19.653875,50.05225689425683,5.893723060344831,1.0263518518518517,-7.227556590696802,16.99858145784029,53,16,11
15.633749999999997,16.069875000000003,50.84800844185138,-13.416621767241354,1.0473347826086954,-13.01174556788119,27.774973136830454,57,13,10
18.667,18.590625,51.672808094987424,0.16500538793103756,0.9928607142857143,-11.32786136960249,21.75189942804748,52,19,9
17.06225,17.517000000000003,56.387401966886586,-5.619612068965495,1.0924774193548386,-11.10316728620474,26.060315429893283,49,14,17
17.848750000000003,17.638125,54.020984717651274,-4.966998922413794,0.9877344827586207,-14.046124336862704,23.128342236832257,51,19,10
14.862625,15.861624999999998,52.97490003372357,-14.538658405172416,1.0865107142857142,-11.776985077992212,19.995403636051478,52,10,18
19.600125,19.836000000000002,57.59579079008195,6.875000000000019,1.0952571428571427,-9.197171020835224,31.139174298189264,52,15,13
18.955125,19.744125,50.59259606812745,6.379983836206906,1.0481458333333333,-13.7606831473964,20.53076802056436,56,11,13
17.81925,18.11025,55.982050355012866,-2.423221982758611,1.024888,-9.461362139351323,23.739405268967115,55,16,9
20.022375,20.328375,52.80359863600086,9.527882543103463,1.072469565217391,-5.93587576784035,31.97139365254959,57,15,8
20.822749999999996,21.518,58.76642274572739,15.937500000000012,1.1009375,-7.65434493825571,25.127011832538578,56,11,13
16.063875,16.259999999999998,46.97256906651665,-12.392241379310349,0.9900310344827585,-13.463719159780602,19.37434631121821,51,18,11
16.89125,17.599375,55.98904688520798,-5.175781250000002,1.1045259259259257,-12.920351152274215,26.490516079176366,53,11,16
20.639499999999998,21.15925,56.78489460072862,14.00457974137932,1.0261964285714285,-9.862593183233464,19.27871258416039,52,16,12
18.249875,18.383875,55.3150892203361,-0.9489493534482705,1.0188115384615384,-10.46478590325821,29.731598224073583,54,18,8
19.049999999999997,19.006375,55.079751012582314,2.40503771551724,1.0150677419354837,-15.839287111429023,20.015013228153215,49,16,15
18.5195,18.773374999999998,47.07066079295154,1.1496497844827545,1.0700424242424242,-11.947941591428009,24.84992372463191,47,16,17
20.9655,21.490125,55.652631497488834,15.787311422413797,1.0814857142857144,-9.619841651855799,21.475700904774936,59,9,12
17.240750000000002,17.327875,55.53577557311162,-6.6386045258620685,0.9835096774193548,-11.856795871158146,23.248081867024574,49,22,9
18.113374999999998,19.103749999999998,44.560927479033055,2.9296874999999964,1.1172551724137931,-8.716438812467766,26.152785689825826,51,12,17
14.948624999999998,14.986500000000001,51.15142032953601,-19.253771551724125,1.0396892857142856,-11.283431748270445,24.26718195042829,52,16,12
14.421000000000001,14.595000000000002,55.52813199872022,-21.363146551724117,1.0360137931034483,-11.508998989214573,28.308341424009868,51,18,11
17.937125,18.136374999999997,47.74564850196102,-2.2824622844827656,1.0357214285714285,-12.765587876341176,22.408379605335334,52,15,13
18.29825,18.388875,55.42644701718877,-0.922009698275862,0.9753964285714286,-11.460470132860026,24.43316470501316,52,21,7
18.026125,18.362625,52.88508722132954,-1.0634428879310205,1.0361125000000002,-12.47642118809261,24.305029108290995,48,18,14
22.625000000000004,22.671375,56.23635183491662,22.151804956896566,1.0055535714285713,-11.35452177105284,25.70235871126253,52,19,9
17.330875,17.439999999999998,52.385015203896025,-6.034482758620696,0.9595848484848486,-13.833288959920338,15.560000731734124,47,22,11
17.246125,17.853375,52.40527841647506,-3.807246767241374,1.053167857142857,-14.787321203124097,25.413997033343122,52,14,14
18.390375,18.677125,55.77468373912991,0.6310614224138011,1.0255878787878787,-12.386444048689919,22.84007909956993,47,19,14
20.389,20.8405,53.020538932110796,12.28717672413793,1.0576185185185185,-10.203852101984639,25.759054584584906,53,15,12
20.799374999999998,21.390375,55.39059913504325,15.249865301724139,1.0523785714285714,-10.335976922904257,20.78985504246467,52,14,14
25.940250000000002,26.344375000000003,53.422765395537965,41.94167564655175,1.05156,-10.081455732411392,21.678462684384744,55,13,12
16.953125,17.350374999999996,53.43649989600596,-6.5173760775862215,1.1004439999999998,-13.120468175431517,25.462671739677507,55,10,15
19.116875,19.173875,60.58742063706182,3.3075161637931045,0.9455193548387094,-12.556911051016582,15.014219365569623,49,23,8
19.964875,20.758375,50.624819749239606,11.844692887931046,1.0842541666666665,-11.549496641484811,22.689364093975204,56,10,14
18.049625,18.563625,56.442842394237324,0.01953124999999755,1.0425916666666668,-12.537672148072561,23.01493959427079,44,19,17
22.7745,23.671,56.006458432552364,27.537715517241384,1.0638032258064516,-9.570663166339706,23.41708004733346,49,16,15
19.351375,19.647750000000002,56.61335644608343,5.860721982758639,0.9809380952380952,-14.351051609909844,18.346152389951037,59,13,8
17.758,17.909875,49.950572002445206,-3.502828663793099,1.0188545454545457,-11.906158645474523,29.502833718778188,47,22,11
18.564249999999998,19.150875000000003,51.469162786277664,3.1835937500000218,1.0288866666666665,-13.02843192239614,21.100794067867557,50,16,14
19.811,20.634625,53.7255946290664,11.177936422413799,1.0660314285714285,-12.106908578690334,22.334163144573342,45,16,19
17.4645,17.636000000000003,58.96839337854658,-4.978448275862048,1.0212136363636362,-11.948954228708741,22.447258167315507,58,13,9
17.891375,17.502375,59.266133513313804,-5.698410560344818,0.9796333333333332,-12.485150734614173,29.295815169069854,56,18,6
14.493500000000001,15.053500000000003,55.36711647437726,-18.89278017241377,1.0478030303030301,-12.59068658689471,25.6350626800352,47,18,15
19.3265,20.049500000000002,58.83957555461462,8.025323275862087,1.0927565217391304,-10.889971645262978,24.772015871121333,57,10,13
21.9195,22.354125000000003,57.73458530578868,20.44248383620692,1.0647657142857143,-11.374392815551724,25.371120507838597,45,18,17
15.72675,15.9155,60.06573953844321,-14.24838362068965,1.0177657142857144,-11.351737325267873,19.278019676022364,45,20,15
18.53325,18.59075,63.24485962831159,0.16567887931035113,0.9711925925925925,-8.799010990897433,31.17415727394806,53,23,4
21.791999999999994,21.984125,58.69722460980616,18.448949353448278,1.05112,-9.815250415503131,24.627442248665094,50,17,13
19.136875,19.238125,56.368589807194546,3.6536907327586285,1.017288888888889,-9.542905801531854,20.873720752781416,53,17,10
17.695375,18.234125,53.144764186851766,-1.7557920258620685,1.084626923076923,-11.587661225699641,28.544108895405152,54,13,13
21.15525,22.111375,48.974240632301616,19.13456357758621,1.0768257142857143,-15.224886551668302,22.953286469804635,45,14,21
14.836500000000001,15.102999999999998,53.62483495562994,-18.6260775862069,1.0022931034482758,-12.521073156652474,24.473078130044073,51,19,10
16.78375,17.046625,60.030305605950915,-8.153960129310345,0.9863153846153845,-11.855956163910992,22.23569470824602,54,18,8
17.285375,17.307375,49.01441643805351,-6.749057112068957,1.0085967741935482,-14.882946037816575,29.52049347851081,49,20,11
17.423125,17.765875,54.6014405954035,-4.278690732758608,1.0176275862068966,-9.356510235332815,22.90243250026387,51,19,10
20.428874999999998,20.712875,55.473299242495486,11.59954202586208,0.9844433333333332,-11.693081276685353,15.976782489787633,50,19,11
19.418375,19.6445,57.14398688871496,5.843211206896563,1.029073076923077,-10.182986044283803,27.652769284430423,54,17,9
19.494125,19.498250000000002,55.95967124896595,5.055226293103468,0.9829600000000001,-12.267199588467442,22.99240767677261,50,21,9
20.3805,20.851624999999995,51.07219222319668,12.347117456896532,1.0412742857142858,-11.665638329078448,25.2043941760103,45,20,15
19.452125000000002,20.217875,57.65779208879813,8.932516163793107,1.087975,-10.31067694283436,24.94284691669824,56,11,13
18.368874999999996,18.915,51.030394035105886,1.9127155172413817,1.0896299999999999,-11.0759558626844,22.378525783854926,50,12,18
17.297375,17.358749999999997,60.546390024518246,-6.472252155172424,0.95901875,-13.565339110289164,20.002929292651462,48,23,9
18.192625,18.351375,57.10829927282395,-1.124057112068954,1.0071392857142858,-13.45043186403409,22.6185231939314,52,17,11
20.302125,20.83125,49.805124003783064,12.237338362068977,1.0368447368421054,-9.86238677340961,24.45425085013734,42,23,15
17.453375,17.589624999999998,60.48063448020199,-5.228313577586211,1.0339823529411765,-12.487372147751406,29.089034427558264,46,21,13
23.678124999999998,23.677249999999997,62.185826821954905,27.571390086206893,1.089873913043478,-11.31088189941783,27.5784875708746,57,11,12
17.41675,17.775,53.74601945789814,-4.229525862068967,1.1046458333333333,-8.697403775976912,26.69054153576312,56,11,13
17.4225,17.949625,54.44806780908393,-3.2886584051724017,1.0679823529411767,-10.531837084704756,22.255352354206938,46,16,18
16.921375,17.157249999999998,51.95881123800792,-7.557920258620696,1.0460357142857142,-11.516713028379954,26.11717562217987,52,16,12
17.552625,17.643875,54.145401740610666,-4.936018318965504,0.9428428571428571,-12.422116898889259,18.891042824796077,52,22,6
17.6385,18.120749999999997,49.38373335381737,-2.3666487068965587,1.0777791666666667,-12.435194370019513,22.21457950753011,56,10,14
17.033125,17.11875,51.33815628642089,-7.765355603448278,1.0103107142857142,-12.200367681323534,24.892833163496352,52,18,10
19.18825,19.825125,53.757945069683366,6.816406250000007,1.0337137931034484,-11.823597953362592,22.070866722780327,51,16,13
16.484125,16.844,55.80148189937648,-9.2456896551724,0.9851727272727273,-12.377354299891119,23.576474841413415,47,23,10
17.598625,17.995749999999997,58.85827615474084,-3.0401400862069035,0.9999958333333335,-10.81496682630833,18.06176392389963,56,15,9
19.175125,19.87775,54.44109246032769,7.099946120689657,1.10312,-14.06949525990369,24.055318514731184,55,9,16
17.817625,18.702375,53.793201421852174,0.7671066810344895,1.097225,-13.316682436499953,23.559019752951084,48,12,20
20.030874999999998,20.69025,50.674668923509714,11.477640086206899,1.1062608695652172,-17.488932782551142,25.63792672303793,57,8,15
16.01325,16.553375,59.60830484021997,-10.811557112068964,1.011439393939394,-11.20023932478392,25.85738050530181,47,22,11
21.683124999999997,22.397125,48.31586750779545,20.67416487068966,1.0903354838709678,-9.988032431881406,24.719584248640103,49,14,17
21.993125,22.557624999999998,54.319337601158345,21.538927801724135,1.0234914285714287,-12.103655593715756,21.632001911672155,45,20,15
19.080624999999998,20.134125,47.72529598089106,8.481276939655185,1.1088137931034483,-10.111148349601551,23.724697927839237,51,11,18
20.63725,21.778624999999998,51.57184630094949,17.341729525862068,1.100894594594595,-12.141362511787612,25.265500799228423,43,15,22
18.60325,18.94475,56.009833772099135,2.0730064655172438,1.0444333333333333,-13.042335984642815,29.93848142362627,53,16,11
17.6915,17.83325,54.80719582619273,-3.91567887931034,1.0166708333333332,-10.508452057748354,22.00241201947204,56,15,9
17.0,17.142874999999997,54.37600218234563,-7.635371767241391,1.0309535714285714,-11.112251965107635,22.084587488922864,52,16,12
19.2615,19.29375,52.80696873060378,3.9533943965517273,0.9992774193548387,-16.52279677117477,22.736942571091735,49,18,13
20.533375,21.1445,54.78804725503822,13.925107758620703,1.079696551724138,-11.877385252295891,26.55717857848499,51,14,15
22.946375,23.74825,55.50408221577895,27.95393318965517,1.06223,-10.780655461437991,21.105393177277627,50,14,16
17.580375,17.985625,51.946551246213616,-3.094692887931034,1.0292114285714284,-12.23007492572829,23.131130862033178,45,20,15
16.701749999999997,16.5835,56.230493622693054,-10.649245689655162,0.9444323529411766,-13.33519780266751,19.73373751142171,46,26,8
18.990625,19.083875,59.04418274002736,2.822602370689657,1.0181074074074075,-9.872552218337166,25.18313479048235,53,18,9
19.78575,20.043625,63.097780559877016,7.993669181034484,1.0444366666666667,-10.08495236005174,23.398217392816736,50,17,13
17.770374999999998,18.141750000000002,54.28404033149692,-2.2535021551723973,1.0037033333333334,-12.713763270194692,20.002254497235903,50,18,12
16.662125,17.1545,56.38122723487569,-7.572737068965518,1.069122222222222,-11.112877805946752,26.308695198492615,53,14,13
18.901874999999997,19.70425,52.61963516572037,6.165140086206895,1.052862162162162,-9.338802381253362,22.478771552251544,43,20,17
18.79325,18.669624999999996,59.415733512310574,0.5906519396551598,0.9573280000000001,-15.09949411879381,29.930317745182737,55,19,6
15.749875,16.174124999999997,61.71861362997589,-12.854929956896562,1.03185,-10.012032724739036,22.956533269191016,50,18,12
19.824125,20.08925,52.37525151203554,8.239493534482765,0.9952357142857141,-12.287299558076233,24.442549609441283,52,19,9
15.505374999999997,15.464875000000001,52.99322932893607,-16.676320043103438,1.0086129032258062,-11.635610273750869,27.13126089379324,49,21,10
19.42825,19.768375,47.53755208195112,6.510641163793104,1.0122620689655173,-10.238568633644213,19.999468619073483,51,18,11
22.267125,22.415875000000003,59.941160570880946,20.775188577586235,1.0110999999999999,-11.333649852453975,20.670459415688885,62,11,7
18.441875,19.153499999999998,49.0217083922482,3.1977370689655107,1.0743310344827586,-10.224472660061227,26.34613523748437,51,15,14
18.495124999999998,18.524250000000002,54.54255443151352,-0.1926185344827404,1.0263444444444445,-12.685704657496082,28.663168979476087,53,17,10
18.18525,18.344625,52.31307128165304,-1.160425646551714,1.0134892857142856,-12.94516626083907,20.381087970789547,52,16,12
16.016,16.16225,53.63153534708749,-12.918911637931027,0.9961620689655171,-13.336440642147142,28.39013855607375,51,20,9
17.406875,17.899250000000002,52.49353062172383,-3.5600754310344653,1.0375482758620689,-11.82931507984276,20.507506945127233,51,15,14
17.66975,18.022125,59.497315777497484,-2.898033405172412,0.9799866666666667,-16.36692272057606,22.825917261799916,50,19,11
17.310375,17.658875000000002,56.0215796879475,-4.855199353448259,1.0323857142857142,-10.25101525405572,23.50700931667425,45,21,14
20.542875,20.8555,52.753880919074135,12.367995689655176,1.037548275862069,-9.834553631638935,23.00423391814758,51,17,12
15.163,15.385750000000002,59.38640428157562,-17.102640086206883,1.0090518518518516,-10.250191951402151,23.22422843319522,53,18,9
16.394375,16.962124999999997,52.93821834097484,-8.609240301724148,1.017509090909091,-8.706847575496626,22.633609303552273,47,22,11
16.936500000000002,17.21075,53.40496455100763,-7.269665948275851,1.0049296296296295,-12.464670940828897,26.394521408592833,53,18,9
20.572375,20.618374999999997,54.505913373491325,11.090382543103438,1.0028512820512823,-13.164767315203953,21.775023380114646,41,24,15
20.875,21.266250000000003,54.93543473942122,14.58108836206899,1.005559375,-11.317670294186394,20.401662627577647,48,20,12
18.168875,18.418875,51.21845442838083,-0.7603717672413731,1.0740703703703705,-13.371673188778102,24.000405311293402,53,12,15
19.579500000000003,20.227125,49.82745309607747,8.982354525862082,1.0754212121212121,-12.896464692749362,26.802359954162462,47,16,17
19.690125000000002,19.820375,52.441753047317405,6.790813577586206,1.0481433333333332,-13.219432418067676,25.419361083840492,50,16,14
18.857499999999998,18.759749999999997,55.92125165576529,1.0762392241379208,1.0095214285714285,-11.875088745083673,24.01583951678449,52,18,10
20.035499999999995,20.330125,55.14972520275432,9.537311422413795,1.022225,-13.069727154802841,25.877489204419394,52,17,11
18.451,19.351625000000002,44.90640569395017,4.265220905172432,1.0872518518518517,-10.273303905230305,21.821998661844365,53,11,16
17.51475,17.65325,50.64029973856757,-4.885506465517236,0.9957192307692307,-12.644031536772955,19.107025232355152,54,16,10
17.5,17.938875000000003,59.001308429370525,-3.34657866379308,0.9945945945945948,-11.282786231424506,24.882892322838565,43,26,11
19.01475,18.876624999999997,55.00718035502536,1.7059536637930948,0.975,-12.831077147351973,28.506906138125938,56,18,6
17.176875000000003,17.763624999999998,59.08766373974377,-4.2908135775862135,1.0729250000000001,-8.926103966967133,25.62700281673243,48,17,15
18.4255,18.719374999999996,62.51307930690939,0.8587015086206745,1.0427925925925925,-9.283444586193564,24.035584313991784,53,16,11
20.030499999999996,20.301,53.85008837386407,9.38038793103448,1.067681818181818,-10.09413928862705,23.624430440769107,58,11,11
21.69675,21.968874999999997,57.47863661437517,18.366783405172406,1.0163736842105262,-14.141997806939967,23.33332448903338,61,11,8
18.191499999999998,18.139999999999997,47.48574240801322,-2.262931034482768,1.015565,-10.965176734522151,30.799576776404788,60,14,6
18.52975,18.829625,53.11333762866543,1.452720905172421,1.0023785714285716,-12.687936619358933,23.581081096968056,52,18,10
17.632625,17.893250000000002,43.416974986560405,-3.5924030172413626,1.0427384615384616,-9.783363734451456,23.42740893120722,54,15,11
15.779,16.255249999999997,52.412806335103255,-12.41783405172415,1.0347187500000001,-10.398924397314165,23.799590443644018,48,19,13
18.982374999999998,18.991249999999997,52.48564530454472,2.3235452586206824,0.9979818181818182,-11.897820420833884,24.790757205485598,58,15,7
20.052,20.285500000000003,52.65679061327606,9.296875000000021,1.0252827586206896,-10.993700290445263,19.14696862874973,51,16,13
20.7945,21.290875,52.68497298498549,14.71376616379311,1.0503352941176471,-9.437867667804232,25.71799587663085,46,20,14
15.005875,15.494375,54.61734759256479,-16.517376077586203,1.1035028571428573,-9.725015030875362,27.26154379095963,45,16,19
18.688375,18.804750000000002,52.83557757120687,1.3186961206896732,0.9738107142857142,-10.592661673119201,21.26213563850072,52,21,7
17.294625,17.900624999999998,53.57450836731916,-3.5526670258620734,1.0751137931034482,-9.50297620757776,23.416192901928948,51,14,15
20.675125,20.906875,55.364743872009406,12.64480064655173,1.06922,-11.465879594055897,26.421895350024265,45,18,17
20.006499999999996,20.082749999999997,56.33472848834049,8.204471982758612,1.0296375,-9.934973695486715,24.439679272858697,56,15,9
17.194,17.659,52.78184431297838,-4.854525862068964,1.0555576923076921,-12.483767284786701,23.58983918605554,54,13,13
21.351125,21.839,56.39754125976746,17.667025862068968,1.0253999999999999,-11.259213450863509,24.97286967395717,59,13,8
16.576500000000003,16.99375,57.69502453657459,-8.438846982758621,1.0694499999999998,-9.263333838506904,27.785218716003534,48,18,14
15.986500000000001,16.157625000000003,54.22380088959402,-12.943830818965496,0.9828272727272725,-11.000957072433009,29.812022578850872,58,17,5
16.302,16.217375,53.22580063668778,-12.621901939655164,0.960676923076923,-14.824688356318568,20.528744820828727,54,18,8
24.996875,25.657125,55.04586151312332,38.23882004310346,1.0413555555555556,-13.977504789264064,20.36051478119864,44,17,19
16.70625,16.81975,56.065849963431205,-9.37634698275862,1.0188,-14.534725535308418,24.271697609836085,54,15,11
21.775375,21.610125000000004,53.36766181500383,16.43386314655175,0.9547571428571427,-12.025115858326474,22.95240927693369,52,22,6
18.44375,18.841375,59.40026019431074,1.5160290948275894,1.0086305555555555,-12.975114866105914,25.2951725801062,44,23,13
16.65475,17.245874999999998,50.77951081682745,-7.080414870689659,1.0657375,-11.138122449743207,24.28155672704945,56,12,12
18.28475,18.879125,49.57970008145607,1.7194234913793085,1.0538787878787879,-10.724064834060206,24.733841679210265,47,18,15
15.3035,15.656749999999999,46.70541481223035,-15.64251077586207,1.07221875,-14.373632012354578,26.315808845776957,48,15,17
25.231749999999998,25.533499999999997,52.136615952743036,37.57273706896551,1.044433333333333,-15.535398498696114,24.480524897305322,62,9,9
15.72875,15.886375000000001,51.96463802734921,-14.405307112068954,1.0000031249999999,-11.430378204486905,21.84413661021787,48,21,11
16.544125,16.782125,58.73687639841656,-9.579067887931025,1.0257967741935483,-12.737831818304283,26.86684450811636,49,19,12
14.769874999999999,15.220625000000002,58.13708030502017,-17.992322198275843,1.0950172413793102,-11.625406407698717,26.68877926502529,51,13,16
20.79475,21.111375000000002,61.48894543862529,13.746632543103468,0.9740708333333333,-9.859618712571285,19.247298126868923,56,18,6
19.02225,18.758,54.70285672888846,1.0668103448275883,0.9984071428571427,-16.17811299257002,28.623030829697274,52,18,10
21.222250000000003,21.824125000000002,51.39068311913937,17.586880387931057,1.072469565217391,-9.436923404047429,25.446328875239264,57,12,11
18.541125,19.052625,51.53298736978671,2.6542295258620707,1.1037,-8.5171068719594,26.33521364741595,56,11,13
16.885875,16.997875,52.21507310953605,-8.41662176724137,1.0127939393939396,-14.235135799841775,25.095479286223807,47,20,13
19.345999999999997,19.419625,55.89844182461798,4.631600215517248,0.9888892857142856,-9.788849217142461,30.751810633091008,52,22,6
21.99575,21.73725,55.017693071765585,17.118803879310352,1.0527833333333332,-15.897087590548296,26.480311575177364,56,12,12
20.877499999999998,21.52675,53.00926368064178,15.984644396551731,1.0359025641025639,-12.152512914419546,21.985673047816316,41,21,18
17.317249999999998,17.612125,51.63812603187353,-5.107085129310343,1.0390636363636363,-12.666514965970183,29.43244827655273,47,20,13
14.951125,14.980500000000001,53.639043411656395,-19.286099137931025,1.0268137931034482,-14.257442067509395,26.661873201293208,51,17,12
18.988,19.28775,57.2237669765108,3.9210668103448296,1.0176241379310342,-10.983408340133389,26.02090593372128,51,19,10
19.225625,19.7,57.029939989148424,6.142241379310348,1.0461538461538462,-9.707909529046994,27.53900752523149,54,16,10
21.088,21.424625000000002,54.11770059803296,15.434401939655192,1.0023857142857142,-10.368060602712156,19.343925071756395,52,18,10
19.60425,19.748875,52.801735083154334,6.405576508620707,0.9944500000000001,-15.674469319150615,18.884535362958584,48,18,14
16.792375,17.210375,56.02601077607545,-7.271686422413792,1.047316129032258,-11.387914796064814,24.337191879759256,49,17,14
17.451625,18.018250000000002,52.90300658036606,-2.918911637931018,1.022857142857143,-10.814272410915727,24.44352778553249,45,22,13
19.54325,19.858375000000002,50.69365991731946,6.995554956896571,1.00698,-12.79339268217294,20.97631971536428,45,21,14
18.85025,19.202125000000002,54.27412249368957,3.459725215517261,1.0453791666666667,-7.1069188222637445,23.951468072950384,56,15,9
17.240375,17.585124999999998,60.44364215078435,-5.252559267241384,0.992109677419355,-13.388962468374746,22.020052369832385,49,20,11
17.95,18.462625000000003,53.30557610475666,-0.524649784482737,1.0482827586206895,-10.321092284189776,26.283579238500394,51,17,12
18.296125,18.75125,53.526772990321824,1.0304418103448283,1.0590281250000002,-11.91073737753555,19.76278688863748,48,14,18
18.887749999999997,19.005374999999997,55.40227794709038,2.399649784482751,1.0052857142857141,-10.512444758926648,28.135787350960843,59,15,6
18.668,18.63925,55.33663609515308,0.42699353448276844,0.9884777777777778,-13.87941448708194,20.43169124693223,53,17,10
18.394125000000003,18.442625,59.732149923989965,-0.632408405172409,1.001776,-10.738386232097366,28.260069046300735,55,18,7
15.957125,16.133625000000002,53.671624861807054,-13.073141163793087,1.0060545454545453,-11.933221997443828,22.528678637297517,58,14,8
20.545499999999997,20.795749999999998,53.59205101454451,12.046066810344826,1.0509333333333333,-11.601161394931362,24.837136417187228,56,13,11
16.326249999999998,16.416125,54.2802734918955,-11.551050646551712,0.9743423076923077,-12.147677780338807,15.565918883840128,54,17,9
18.976999999999997,19.363875,55.3439339517668,4.331223060344835,1.0481633333333331,-5.493218488637569,22.65971569832018,50,19,11
17.590875,17.984375,54.409919387548165,-3.1014278017241312,1.0241257142857143,-9.808298483915738,23.085798958528812,45,22,13
16.078375,15.991874999999999,60.69512802079302,-13.836880387931036,0.990467857142857,-12.610837411985026,23.702974495649904,52,19,9
19.071499999999997,19.332124999999998,51.648987222654696,4.160156249999996,1.061821875,-9.150049637230513,21.53408011325482,48,16,16
19.415249999999997,19.302500000000002,61.2809724639062,4.000538793103466,0.9683769230769231,-11.308219432317403,31.134210578779097,54,21,5
20.516375,21.127375,49.86994343948439,13.832839439655183,1.0408840000000001,-11.135866090914979,18.120879889363607,55,12,13
15.7075,16.03925,52.296613540632684,-13.581627155172413,1.0703805555555554,-13.853787932450288,25.713079004647092,44,17,19
20.4595,20.326874999999998,56.94906638921762,9.519800646551719,0.973609375,-12.256393969803938,21.93373847508468,48,23,9
19.571999999999996,19.81075,52.71248441015175,6.7389547413793105,0.9948233333333332,-9.585169064272987,20.757858918038902,50,21,9
17.528875,17.451625,60.13335237007424,-5.971848060344821,0.9655068965517242,-12.283827439595143,19.74805928346385,51,21,8
18.166874999999997,18.709375,50.83418465389302,0.8048221982758766,1.0521782608695651,-8.886559044695462,23.561303977423375,57,13,10
20.821375,21.026625,58.42147283391873,13.29000538793104,1.0041074074074074,-12.960737480863017,23.085253528974526,53,17,10
17.445249999999998,18.409625,48.80010846477154,-0.8102101293103469,1.1172944444444441,-7.767992252117685,21.483878582799065,44,12,24
20.554875,20.37825,57.49539172309144,9.79660560344829,1.0215705882352941,-14.014677489738954,25.25387221266081,46,20,14
16.128125,16.876875,43.96764594806586,-9.068561422413795,1.09654375,-8.895202521076758,26.03929678046275,48,15,17
16.468125,16.80275,56.388918628681914,-9.467941810344824,0.9785379310344828,-13.775396612189276,28.322500411095447,51,21,8
15.285999999999998,15.574000000000002,59.890803265600454,-16.088362068965502,1.0695695652173913,-11.48125499281293,30.891645089586508,57,13,10
21.346,21.443625000000004,57.670233030981954,15.536772629310377,1.0565114285714283,-11.448544263794904,28.459908365205617,45,20,15
18.979875,19.183625,54.73518420749925,3.360048491379314,1.06519,-11.22918177167304,26.844085548905927,50,16,14
20.727125,20.971750000000004,52.257723040499,12.99434267241382,1.021380769230769,-10.362532374727673,19.177060460981014,54,15,11
16.74975,16.651249999999997,55.33942173586526,-10.284213362068973,0.9986484848484848,-12.370236846470196,28.037829457501505,47,23,10
19.123874999999998,19.250874999999997,57.46649948630704,3.7223868534482674,1.05927,-9.393800492504859,28.887250285551175,50,18,12
16.707874999999998,17.1565,54.74980053936792,-7.561961206896539,1.0595954545454545,-10.72336394204707,26.032718588170006,58,12,10
18.463874999999998,19.068125,49.91562040344611,2.7377424568965503,1.0761030303030303,-9.448322154925139,23.66986322942219,47,16,17
16.217125000000003,16.373874999999998,56.795026139155965,-11.778690732758625,1.045332,-14.468689241825066,28.715304444959372,55,14,11
14.604125,14.870249999999999,52.98576475888617,-19.88011853448276,1.0107241379310345,-10.217151006121814,26.170618473645934,51,20,9
17.953125,18.90675,55.16805975457941,1.8682650862068975,1.1041285714285713,-10.281621999086969,27.838771909436577,45,16,19
17.886875,18.214499999999997,59.750074579866755,-1.8615301724138,1.0600066666666665,-13.173906118121018,27.933849567659795,50,16,14
18.893,19.40625,49.976962014712086,4.559536637931042,1.02335641025641,-13.56506996034264,19.069787439461823,41,20,19
17.073500000000003,17.513624999999998,55.80101957122488,-5.637796336206903,1.0299153846153848,-12.387437944603075,27.575583268511487,54,16,10
19.55,19.645249999999997,51.02461826114055,5.847252155172407,1.061115625,-13.607904409639708,25.8421835568133,48,16,16
18.962875,19.361375000000002,53.47207411256867,4.3177532327586405,1.0275519999999998,-13.130672118785435,17.475547502498923,55,12,13
18.765875,19.076749999999997,58.315966579354914,2.7842133620689564,1.0053586206896552,-11.825276084853494,24.039607035383156,51,19,10
17.429125,18.2285,51.60810756998554,-1.7860991379310256,1.061907142857143,-12.218724593825543,20.01555426970414,52,12,16
18.721124999999997,18.781124999999996,59.19087390507233,1.1914062499999847,0.9961304347826084,-13.609048880988666,24.472453236293084,57,15,8
16.929750000000002,17.08225,53.96426502095319,-7.962015086206899,1.0138875,-12.580024298678795,28.08400981474614,48,21,11
20.167250000000003,20.5305,51.54086500871853,10.616918103448283,1.02666,-11.84422774739038,24.461718185786363,55,15,10
16.173625,17.014375,56.637049732874154,-8.327720905172402,1.1175645161290322,-13.094880547367291,23.60081098749827,49,10,21
18.395249999999997,18.987374999999997,50.95950823588665,2.3026670258620574,1.0691407407407407,-13.876706604812325,23.56335149661134,53,12,15
19.504375,19.6385,56.37015993090674,5.810883620689665,1.007015789473684,-13.145282601654019,24.454523403096434,61,12,7
21.010749999999998,21.237999999999996,57.21186052251173,14.428879310344813,1.0403296296296296,-8.637953475883009,25.58878526458635,53,17,10
21.9005,22.296875,61.171843028672434,20.13402478448277,1.0367538461538461,-12.444937100726866,25.671639618777206,54,15,11
17.611625,17.898249999999997,45.684491633759336,-3.5654633620689733,1.0045823529411764,-11.986014477580309,20.51917984248655,46,21,13
16.374875,16.907999999999998,54.9652910722312,-8.900862068965523,1.0457969696969696,-8.747748917681193,25.119236866139122,47,20,13
15.61875,15.972624999999999,53.7430948226555,-13.940598060344827,1.0563535714285714,-10.724307898838395,30.92602904771419,52,17,11
20.2225,20.28575,53.16083411501551,9.29822198275863,1.0023821428571429,-11.808513596178148,25.705915062913675,52,19,9
16.898249999999997,17.418125,55.46660274848194,-6.152343749999995,1.0487192307692306,-12.988185788139742,22.776986576827255,54,13,13
21.787124999999996,21.8885,60.746125790477734,17.933728448275872,0.9785413793103449,-10.689413897647022,20.273277170656215,51,21,8
18.195999999999998,18.685375,57.4333521274354,0.6755118534482856,1.0673625,-11.645923460382933,25.14500311068383,48,16,16
16.039875000000002,16.569499999999998,49.04318543519879,-10.724676724137936,1.0020151515151516,-12.003866738804124,18.95641519008159,47,20,13
15.669749999999999,15.913625000000001,59.5289412781974,-14.258485991379297,1.0336818181818181,-9.301935151036416,28.70652232857284,47,22,11
19.833999999999996,20.327999999999996,55.43339152263218,9.525862068965504,1.0356787878787879,-11.9869043973561,27.543104989336896,47,20,13
20.890499999999996,20.65625,56.07634874182994,11.294450431034491,0.9607366666666665,-12.07891009913248,22.864839114861088,50,23,7
20.470375,20.163249999999998,50.6831641091962,8.638200431034479,1.013485714285714,-16.545776158016242,25.199417936819188,52,16,12
17.43425,17.272750000000002,60.437364361504144,-6.935614224137914,1.017359375,-14.62255241273346,25.632738898182545,48,19,13
21.38375,21.58425,54.04012712067414,16.294450431034495,1.034664,-12.814804912699078,21.10120458566848,55,13,12
14.941249999999997,15.357,55.45774584056936,-17.257543103448274,1.0006441176470589,-12.712939100233644,23.505207315560796,46,22,12
18.938375,19.349125,55.31341206765647,4.251751077586218,1.0348166666666667,-9.620897163616771,16.59264822994636,50,15,15
22.332625,23.133249999999997,52.61631107435563,24.640355603448267,1.1187896551724137,-11.144735892952019,28.110147161818272,51,12,17
18.912,19.594375,51.93613765909628,5.573141163793108,1.060709756097561,-13.668909166596823,24.901853222837065,39,20,21
15.2095,15.376124999999998,53.00515759312321,-17.154498922413797,0.9759208333333333,-10.500875737569269,21.846436775281262,56,18,6
18.176875,18.258999999999997,52.70807095472898,-1.6217672413793207,1.0372676470588238,-10.121628302011334,23.490951463746704,46,20,14
18.358875,19.005875,56.61242042124307,2.402343750000005,1.0372529411764706,-12.360604687448982,21.82012037188131,46,18,16
19.740375,20.130875,52.59210197082764,8.463766163793109,1.0994666666666666,-13.11766740976082,27.249160569683283,59,9,12
21.003999999999998,21.395125,53.059377511086495,15.27545797413794,1.0171967741935484,-10.87841701479847,21.665754302843325,49,19,12
17.090625,17.092125,60.38973830118828,-7.908809267241376,1.0487516129032257,-11.211118200708466,30.389663613565947,49,19,12
18.09725,18.016875,55.499330027725115,-2.926320043103448,0.9722199999999998,-10.934152861285575,21.799717583056538,60,15,5
20.159375,20.869625,56.37494806759182,12.444100215517246,1.0888964285714287,-9.20930960001575,24.60752310251364,52,13,15
16.660874999999997,17.125999999999998,51.40336751451606,-7.726293103448283,1.0723828571428573,-11.598007877213483,29.61777169174176,45,19,16
14.942375000000002,15.272250000000003,52.19298417232407,-17.71417025862067,1.029871875,-9.901733645672936,24.460491061565914,48,20,12
18.926750000000002,19.224125,54.44574116420422,3.5782596982758736,1.0303733333333334,-10.317590603883469,26.052010573257174,50,19,11
21.824875,22.093874999999997,54.26681121808722,19.04027478448275,1.0309499999999998,-11.801836644757408,22.945554746159193,52,16,12
14.587875,14.860624999999999,51.72104318445783,-19.931977370689655,1.0207366666666666,-11.541886022599225,29.305510659976058,50,20,10
17.17025,17.445,50.2686830964836,-6.007543103448268,1.0384615384615385,-10.508146871564048,23.410741695891147,54,15,11
21.040375,21.192125,53.96506452988088,14.181707974137945,0.9869205882352942,-12.310070972576897,25.096480880573772,46,24,10
17.75625,17.836374999999997,57.88825961592381,-3.898841594827597,1.0277916666666667,-9.157961235000311,26.68388466997626,56,16,8
20.244999999999997,21.267625,48.81930740722914,14.588496767241383,1.1150821428571427,-9.7898514679303,23.327974127486275,52,10,18
19.307125,19.525,53.39567134699041,5.199353448275862,1.0125608695652175,-10.582097365867924,28.23841821682078,57,16,7
19.531249999999996,19.74375,57.787131689717384,6.377963362068965,1.004114814814815,-11.601227946518154,24.442312288706407,53,18,9
19.256375,19.554375,58.080438609889626,5.357623922413802,0.9976107142857142,-13.09939897231426,22.892709694513734,52,18,10
16.748124999999998,16.948999999999998,58.40353406755223,-8.679956896551728,1.0,-10.415165751417115,18.530555563766363,55,16,9
21.00475,21.4625,53.32920173092397,15.638469827586206,1.0666695652173912,-10.600730441558932,17.763758764578267,57,9,14
14.567000000000002,14.992500000000001,62.744610797042924,-19.221443965517228,1.0933449999999998,-6.878865796057173,29.139013221716702,60,11,9
21.716,21.906625,50.879804027086415,18.03138469827586,1.0074095238095235,-10.105567882336295,18.323216298718638,59,13,8
19.68875,20.450625,56.80726756235166,10.186557112068966,1.0844466666666668,-9.792305264968094,26.658949892095016,50,15,15
19.079375,19.490375,60.74890810457023,5.012796336206906,1.066667857142857,-10.030152210631188,28.860140111099536,52,16,12
20.747625,21.247125,55.7411496359868,14.478044181034495,1.0740766666666666,-10.571079527402768,30.946600211251397,50,17,13
20.116,20.581624999999995,53.44892904801757,10.89237607758619,1.0287,-9.18919868224223,19.80051719421271,56,14,10
16.075625,16.523500000000002,57.03438861080412,-10.972521551724121,0.9935387096774194,-12.082484134590581,20.196970906255594,49,20,11
18.6845,19.1155,51.588864337134275,2.992995689655184,0.9847156250000001,-12.729174849225059,23.140681500324114,48,22,10
18.862125,19.382375,55.548324952841824,4.430899784482764,1.0992035714285715,-13.176375558177773,24.86178433967921,52,11,17
18.25975,18.386499999999998,56.45614886827195,-0.9348060344827621,1.0106962962962962,-11.767186449684358,22.89764187053399,53,17,10
21.030375,21.269375,56.78559274252946,14.597925646551731,1.0077972972972973,-13.746005940092504,22.062202333380007,43,22,15
19.86025,20.037875000000003,48.75633341325021,7.962688577586231,1.020733333333333,-14.901849372583008,24.28000248285303,50,17,13
20.241875,20.574,56.882387459133184,10.851293103448292,1.059273333333333,-5.331561222592698,28.442297386473275,50,20,10
15.041125,15.366375,55.46914054292939,-17.207031249999996,1.0103071428571428,-14.91510304404677,25.636560529004555,52,17,11
23.859999999999996,24.577,51.91845877697947,32.419181034482776,1.0574083333333333,-9.946176569954986,24.250500286801444,56,13,11
17.178125,17.153250000000003,48.15399727973401,-7.579471982758595,0.9685724137931032,-13.02992564360104,22.778585054374894,51,21,8
20.475125,21.147749999999995,55.31673819742491,13.94261853448274,1.0794696969696969,-7.842132415040991,29.36206004577522,47,19,14
20.6295,20.874375,54.75898277809834,12.469692887931046,1.024892,-9.208790252319323,17.3899811566299,55,14,11
22.831625,23.540375,52.462893780290784,26.833917025862082,1.0881310344827586,-10.200927569783385,22.227515276399977,51,12,17
20.169874999999998,20.607125,55.957447376927874,11.029768318965525,1.0353962962962961,-11.231960686584689,25.068106289679314,53,16,11
18.977125,19.137875,55.62463407706264,3.113550646551737,1.0350423076923077,-11.942753433493456,28.219490719158426,54,16,10
14.679624999999998,15.501999999999999,49.536117712165115,-16.476293103448274,1.0749199999999999,-10.729950348356184,24.711674613470496,45,17,18
18.318375,18.828125,52.80254936735833,1.4446390086206966,1.03912,-7.784830754645845,18.80566694541122,55,14,11
19.402375,19.112125,54.64652367236884,2.9748114224137945,0.9703761904761903,-12.280046234619844,20.368723382888295,59,15,6
19.356375000000003,19.597875,57.429008976719174,5.591998922413792,1.028436,-12.787747258955454,26.237246560093638,55,15,10
17.6195,17.688375,65.41760755447373,-4.696255387931025,0.974990625,-10.923487232068325,22.771167143669416,48,24,8
18.29625,18.233,59.79138181978565,-1.7618534482758523,0.9575636363636363,-13.790382711429933,21.257339991865745,47,24,9
21.386125,22.002999999999997,55.48035459109477,18.550646551724128,1.0585878787878789,-9.790561010141534,22.521511529327896,47,17,16
18.958624999999998,19.622,54.63082049844362,5.721982758620697,1.0543296296296294,-8.259770277854944,20.1775170704217,53,14,13
20.48575,20.9235,50.293833796083206,12.734375000000012,1.0055555555555555,-13.217055068457356,17.775964416563482,44,20,16
18.974125,19.611875,52.539619639362215,5.667429956896566,1.0796333333333334,-10.491385238584359,23.56611418264462,56,11,13
20.715999999999998,20.816375,52.220953452074916,12.157192887931046,1.034125,-12.790408073199893,28.514210335460223,52,17,11
19.912874999999996,20.362125,55.12157895606848,9.709725215517242,1.0333384615384615,-8.055169052307672,21.56867101937579,54,16,10
16.978625,17.097499999999997,53.0747722867386,-7.879849137931047,0.9646074074074074,-11.44345996217934,19.053283396141815,53,20,7
18.424374999999998,18.53475,51.003859472891165,-0.13604525862068842,1.0408879999999998,-11.274538484526401,27.149906717694044,55,15,10
17.431375,17.904374999999998,48.72854964455231,-3.5324622844827616,1.1014652173913042,-9.91887614913189,23.008166694630184,57,9,14
17.445249999999998,17.304624999999998,55.475328217366425,-6.763873922413797,0.9527791666666667,-9.32817266338293,18.332793044975865,56,20,4
21.61825,22.155,50.39781933992493,19.36961206896553,1.0749037037037037,-9.429289567692571,23.183701244118136,53,13,14
23.75975,24.456625,52.04501057616186,31.770608836206897,1.0133266666666667,-14.518622704374392,17.19593906264601,50,15,15
18.81575,19.106125,55.45215556436383,2.942483836206897,1.002656,-13.76382647270127,21.325231150042683,55,15,10
18.513624999999998,18.70625,57.13041634916725,0.7879849137931142,0.9637777777777778,-13.959874056410875,17.042102707245977,53,18,9
17.782999999999998,18.017125,52.516850379174706,-2.9249730603448207,1.0051866666666665,-12.743905956528463,23.424158916454846,50,19,11
16.808125,17.189625,56.41189000038036,-7.383485991379307,1.0357972222222225,-12.088870429725475,25.517188750001015,44,21,15
15.537875,15.497874999999999,58.07376647267488,-16.49851831896552,0.9865071428571429,-12.224609829852433,25.879142335638566,52,20,8
18.6055,18.68725,59.980297729152674,0.6856142241379316,1.020503846153846,-15.407807145145533,25.843348279333725,54,15,11
20.127499999999998,20.021749999999997,52.160589697027625,7.875808189655165,0.95725,-14.740111961638314,24.10188478835094,54,19,7
17.727,17.84925,50.42718426378845,-3.829471982758607,1.02224,-9.457901651152403,22.96573824351765,55,16,9
19.098374999999997,19.428,54.22094848737442,4.676724137931046,1.0709677419354837,-10.974085043137592,26.407404705543563,49,16,15
16.05375,16.483,49.4651965800174,-11.19073275862068,1.0523857142857143,-11.130954070797568,24.10948200765949,52,15,13
19.505374999999997,19.639125,50.15102576956514,5.814251077586214,1.0237964285714285,-15.270285314827895,25.935077624032157,52,16,12
16.239875,16.133999999999997,58.90513017259769,-13.071120689655183,0.9949114285714286,-14.503872310031598,20.471299165017903,45,21,14
15.127875,15.10375,47.41331662118699,-18.622036637931032,1.024835294117647,-13.957761014219056,29.08977038991077,46,21,13
18.86725,19.238,65.13426019269673,3.6530172413793154,1.0207366666666666,-10.982933322973853,24.6869705436319,50,19,11
15.722375,16.228,56.71465628188287,-12.56465517241378,1.0387314285714286,-12.130023432309688,25.183233818844972,45,20,15
17.017125,18.086125000000003,55.797477790133556,-2.553205818965496,1.09805,-9.62663094594346,25.135192135289632,46,15,19
18.76925,19.24025,53.08786462952634,3.6651400862069012,1.0936060606060605,-10.773388614478533,22.43673562299641,47,13,20
19.923125,20.075750000000003,57.324228091619275,8.166756465517263,1.0222217391304347,-14.359815571349221,23.798732627878294,57,13,10
16.897750000000002,17.582125,54.22111419579305,-5.268723060344814,1.0563464285714284,-9.209326778565513,20.465625368827293,52,14,14
19.478749999999998,19.939749999999997,53.83675973514841,7.433997844827575,1.0444375,-14.802337329267354,21.47095120032226,48,15,17
23.433374999999998,24.046249999999997,56.398162272182276,29.55953663793103,1.071112,-8.894551128117026,24.44941878641411,55,13,12
20.244875,21.43,52.45530204915874,15.463362068965525,1.13055625,-7.571386211421256,22.42153243738718,48,10,22
16.706125000000004,17.376375000000003,57.747159557200945,-6.377289870689633,1.0941761904761904,-10.252314425806238,27.2607905366682,59,10,11
17.976625000000002,18.7,58.18554326650287,0.7543103448275894,1.075855172413793,-9.93389519223462,26.337547733796075,51,15,14
20.2825,20.53325,56.079196802181784,10.631734913793105,0.9986,-15.338303907783295,22.055261839252207,48,19,13
18.8585,19.646749999999997,56.9974199655813,5.855334051724131,1.1085499999999997,-10.072719246451088,26.203410262340203,54,11,15
20.8805,21.016250000000003,49.108883319409635,13.234105603448299,0.997972727272727,-13.705391605343266,19.26660472715303,58,13,9
17.525375,17.915375,56.65993335228337,-3.4731950431034364,1.014816666666667,-12.071554914949841,25.474586655570786,44,23,13
21.253,21.737,58.24164213296705,17.117456896551722,1.080004,-9.932086275707398,22.047069296590887,55,11,14
21.9745,22.109249999999996,58.143959562399296,19.123114224137915,1.0154565217391305,-10.139774062535269,23.38485017312506,57,15,8
19.057125,19.164625,50.02135184913532,3.25767780172415,1.003471875,-12.6787127440372,22.045652241664726,48,20,12
14.004125000000002,14.383249999999999,59.77964899034917,-22.504040948275865,1.0305625,-9.892937346051728,24.65283112387371,48,20,12
18.90925,19.372625,48.84018023668444,4.378367456896555,1.0392566666666665,-11.840778798479441,27.565277706677517,50,18,12
15.303125,15.672875,56.63183599492241,-15.555630387931032,1.0407333333333333,-9.366291317854795,27.28040139715242,50,19,11
16.693,17.10025,52.94631555775686,-7.865032327586205,1.0766344827586207,-9.33095662519729,25.87189285911202,51,15,14
21.07075,21.3735,56.92303041296331,15.158943965517249,1.0420642857142854,-13.047324907110081,27.22271899695883,52,16,12
15.459624999999999,15.876749999999998,58.218941509676014,-14.457165948275868,1.085336,-8.33886730782001,24.136016431426192,55,12,13
16.193125,16.425625,55.83708065307549,-11.499865301724132,1.0469185185185186,-11.267095866317458,24.626035138726294,53,15,12
14.733125000000001,15.084875,54.676937175134455,-18.72373383620689,1.0487115384615384,-13.024278006616544,25.70412749090732,54,14,12
20.77125,21.186,50.281319119726376,14.148706896551733,1.0006875,-12.34758021040059,20.723098378718287,48,20,12
18.74425,19.156875000000003,55.24238415237828,3.21592133620692,1.027232258064516,-13.24827659132398,22.070507600486344,49,17,14
18.606625,18.981374999999996,57.730518170051084,2.2703394396551597,1.0037055555555556,-8.78132801549828,16.58485087072128,44,23,13
16.799,16.9865,51.71786508630185,-8.477909482758616,1.0119035714285716,-15.823144332898206,23.887035811563305,52,16,12
18.466249999999995,18.960375,59.26179579734433,2.1571928879310365,1.1142999999999998,-8.001572640523015,26.008189132920144,52,12,16
17.27375,17.27475,55.31506246928271,-6.924838362068954,1.0288148148148148,-13.631701976940857,26.885723228391292,53,16,11
16.159249999999997,16.747374999999998,55.708835819316626,-9.766298491379315,1.0222241379310344,-11.915228137247546,19.67184848997223,51,16,13
20.805999999999997,21.072499999999998,52.29673479667114,13.537176724137929,1.028683870967742,-9.553166922406582,25.486093426488022,49,20,11
17.157375000000002,17.304375,56.82541167664672,-6.765220905172406,0.9658678571428572,-13.352582970108228,26.339450643287268,52,21,7
16.506999999999998,16.78325,54.553578077295406,-9.57300646551724,0.9604814814814815,-11.681911819111374,18.09146554982463,53,20,7
15.947375,16.261375,57.55498494255986,-12.38483297413792,1.0429103448275863,-8.49775907176554,20.01951816875732,51,16,13
19.2525,19.968625,58.0516407885028,7.589574353448281,1.0666735294117649,-7.31343518522275,20.65229491531735,46,17,17
15.667374999999998,16.163,63.24680160424312,-12.914870689655164,1.0551655172413792,-9.538514798520582,26.848271408716812,51,17,12
19.556,19.534750000000003,54.851085835459166,5.25188577586209,1.004273076923077,-12.901262775110165,21.810272222588058,54,16,10
18.84225,19.424500000000002,54.56562862731453,4.657866379310362,1.0214413793103447,-11.119545721517722,20.920184271486438,51,17,12
21.4565,21.793,49.80349703302114,17.419181034482765,1.0170923076923075,-11.41820543588215,22.659365457392717,54,16,10
19.256375,19.513875000000002,55.4061581441585,5.139412715517261,1.0726615384615383,-12.749089176459837,21.95296824785025,54,11,15
18.211625,18.894,55.18368073057195,1.7995689655172393,1.0674,-10.508553880837606,24.005183044319846,50,15,15
15.33575,16.265375,47.42207640028122,-12.36328125,1.09852,-10.36798311009453,23.340563348431072,50,12,18
19.400875000000003,19.385125000000002,56.17398037619823,4.445716594827605,1.0717272727272726,-11.50373170778458,25.89996429024368,58,11,11
17.017500000000002,17.134625,55.73634975119719,-7.679822198275857,1.009025,-11.407159196597764,27.963721054935583,48,22,10
18.60425,18.703125,56.79261900980377,0.7711476293103519,1.0265387096774192,-10.849304030167016,21.380502801705514,49,18,13
18.5795,19.042875,57.17719085205424,2.601697198275862,1.0279399999999999,-9.398730486251173,23.408088442325006,45,22,13
15.045999999999998,15.384875,48.302208557003276,-17.107354525862068,1.0170846153846154,-11.933080876452081,23.596903736435664,54,16,10
14.122375,14.347249999999999,54.4267710657762,-22.698006465517242,1.0131363636363637,-12.70589389562346,25.85040866974554,58,14,8
17.78875,18.3915,55.273453530683156,-0.9078663793103345,0.9992533333333332,-11.672053206402513,19.98248478490293,50,19,11
18.627,18.801125,61.61361206036307,1.2991648706896568,0.9562677419354837,-11.023184459512136,18.442400074604954,49,24,7
18.334125,18.457375,59.26254948753673,-0.5529364224137917,0.9398588235294119,-13.32216854423094,17.78928657184586,46,26,8
17.892874999999997,18.102875,55.2718625013512,-2.462957974137919,1.0236451612903223,-13.18598630484722,23.9335628722782,49,18,13
21.082625,21.337874999999997,58.35069707069278,14.966998922413785,1.0398208333333334,-14.509099770089467,25.831336980833722,56,13,11
18.223999999999997,18.635375,57.89412738267051,0.4061153017241438,1.0397303030303031,-11.446761192664601,27.690723623012293,47,20,13
20.175874999999998,20.46225,60.11053197166522,10.24919181034484,1.0126964285714284,-11.353271508447166,20.793564336327112,52,17,11
15.971499999999997,16.336750000000002,54.505771453236605,-11.978717672413776,1.0422935483870968,-11.928122480690487,21.47344027088121,49,16,15
18.653375,18.996625,48.647013901560456,2.3525053879310502,1.04583125,-10.64239794618065,24.115168756501536,48,18,14
18.953375,19.201124999999998,58.81840409218133,3.4543372844827522,1.01866,-10.820581738370176,24.448677862766107,55,16,9
18.176,18.857750000000003,53.9323132170307,1.604256465517264,1.0255909090909092,-11.78512454763659,22.068567985537573,47,19,14
18.74375,19.028375000000004,60.41692669329339,2.523572198275891,1.0257967741935483,-13.226593871670898,27.58960589347868,49,19,12
16.844,16.979625,51.93856322001754,-8.51495150862069,0.9958777777777776,-11.240007865091869,21.262594835524393,53,18,9
17.771125,17.726375,52.370700512865284,-4.491514008620678,0.9747999999999999,-14.116691676945303,24.435532539916142,50,21,9
20.779874999999997,20.5305,54.58833548073147,10.616918103448283,0.9674535714285714,-11.33548830101249,20.9930907451275,52,21,7
18.222500000000004,18.797874999999998,52.53541308958691,1.2816540948275805,1.0526666666666666,-9.923848389712381,24.26527770958532,53,15,12
16.571625,16.930999999999997,51.08697222262347,-8.776939655172422,1.0555555555555556,-13.11402688014045,24.223062641915483,44,18,18
16.04825,16.271250000000002,57.94523867215895,-12.331627155172399,1.0015785714285714,-14.442442953069133,26.4408509357764,52,18,10
26.708124999999995,26.547124999999994,49.942488910259144,43.03407866379308,0.9768624999999999,-11.489484709279925,20.02204534646484,56,17,7
19.642374999999998,20.02725,56.53325158234288,7.905441810344828,1.0544838709677418,-11.350595381420405,25.86626181125124,49,17,14
19.002125,20.073124999999997,53.98829256552125,8.152613146551719,1.141336,-9.637528322972978,27.486469850575155,55,9,16
21.225125,21.822625,53.196571664490676,17.57879849137931,1.0777708333333333,-9.705872052153872,22.585015960380556,56,11,13
16.84075,16.784,55.6884409507026,-9.568965517241379,1.0018500000000001,-9.656160345151422,24.20216083636432,56,17,7
21.307125,21.606875000000002,50.635141850250456,16.416352370689673,1.0592592592592591,-12.811740758180251,23.341971621115615,53,13,14
20.253375,20.475749999999998,59.80664711872309,10.321928879310342,0.9967037037037036,-10.742529591900057,20.501052955610398,53,18,9
15.728874999999999,15.722624999999999,52.5320683369751,-15.287580818965518,0.9915891891891893,-10.774134003713284,19.819590336396725,43,25,12
20.04375,20.131499999999996,54.768424511530334,8.467133620689639,1.0157333333333334,-13.636655683154459,31.928459563707236,56,16,8
17.31925,17.73525,56.60344463713858,-4.443696120689646,0.9960794117647059,-9.862519571813968,19.39834310525839,46,23,11
17.555500000000002,17.698749999999997,48.93093647656285,-4.640355603448286,0.9888933333333332,-11.68529862044368,19.999753366451973,50,20,10
24.018625,24.00675,60.28799649309268,29.346713362068975,0.9976250000000001,-10.164646407130917,20.777695725838893,52,19,9
23.651,24.331375,48.786699607186925,31.095770474137947,1.0711228571428573,-10.436850495980883,21.86726995994864,45,16,19
19.008249999999997,19.661624999999997,46.516079892823406,5.935479525862061,1.052382142857143,-10.176092710348824,25.732091820516626,52,16,12
22.8355,23.161875000000002,56.60152425742807,24.794585129310363,1.0617296296296297,-11.294466419389527,24.95003672500321,53,14,13
19.69925,20.062625,50.86844457505296,8.096039870689665,1.0579392857142857,-9.182625285238878,25.729100429128277,52,16,12
15.660999999999998,15.963624999999999,50.971479466674865,-13.989089439655174,1.036121875,-8.76460030119928,21.701877389144823,48,19,13
16.200875,16.585625,58.937960530184164,-10.63779633620689,1.0160500000000001,-9.995626160568795,24.841068117186808,44,24,12
20.143375,20.726125000000003,57.090878036535464,11.670932112068991,1.0814916666666667,-7.003160492286108,26.07765290507522,56,13,11
20.764000000000003,21.440125000000002,59.06156243958441,15.517914870689673,1.0538461538461539,-9.74680039997872,20.528819053137905,54,13,13
18.058999999999997,18.616999999999997,47.84861897025044,0.30711206896550974,1.0230071428571428,-16.583770955565104,24.09809898708865,52,15,13
18.2885,18.498625,51.43140324449214,-0.33068426724136957,1.08111,-10.439340049353579,26.700955327971776,60,10,10
18.691249999999997,18.983875,51.9019613432018,2.2838092672413928,0.9921529411764705,-11.02946320697572,23.777296581249207,46,24,10
14.60075,14.945374999999999,54.124332371539076,-19.475350215517242,0.9992035714285714,-12.771185033779268,19.60416377801525,52,17,11
21.937875,22.309500000000003,51.93950834372314,20.20204741379313,0.9831413793103446,-10.68982688448953,18.274300914281458,51,20,9
18.387375,18.912874999999996,48.70510938511766,1.9012661637930897,1.0159687499999999,-13.79924387428601,24.122704550121174,48,19,13
17.255000000000003,17.748624999999997,58.00955800157329,-4.371632543103457,1.0906719999999999,-9.904829244662084,23.971582123230743,55,11,14
15.847125,15.9665,50.003327057589416,-13.973599137931028,1.032241935483871,-11.864441967537452,24.126316549077863,49,18,13
19.499125,20.348875,58.34597778499913,9.63833512931035,1.0880892857142856,-9.735518995593731,24.89798624765907,52,13,15
20.130000000000003,21.069499999999998,54.084320578372605,13.521012931034479,1.0438459459459462,-10.067885421530356,19.614860809729898,43,19,18
22.703249999999997,22.666999999999998,54.47159370512087,22.128232758620687,0.9785642857142857,-14.339214459980505,19.7854240913017,52,18,10
19.469125,20.071125,51.27318081261437,8.141837284482758,1.0623709677419353,-7.974667826609854,23.484120322091833,49,17,14
19.36575,19.808749999999996,47.98156524707691,6.728178879310333,1.0425833333333332,-12.786491471672344,21.28645519291764,56,12,12
22.736125,22.88575,55.9291924628583,23.30684267241381,1.0716967741935481,-11.399153374590318,26.997349475685553,49,16,15
17.228875,17.131125,60.10706114536214,-7.698679956896541,0.9866480000000002,-16.80450695057048,26.13685925118888,55,16,9
18.2185,18.58225,51.38463752191089,0.11988146551723956,1.0574083333333333,-11.886586739806285,30.453204225805205,56,14,10
14.408625,15.017124999999998,53.5790323764775,-19.088766163793107,1.0222166666666668,-11.92874833025118,24.405868035017257,44,22,14
19.25925,19.25975,57.68773428167351,3.77020474137932,0.9977799999999998,-14.70395134338453,24.840514374141033,50,19,11
20.2445,21.186625,48.362773353481316,14.15207435344828,1.04741,-9.761381641487901,21.275434926168288,50,16,14
17.585874999999998,17.875375000000002,50.93580273175484,-3.6887122844827425,1.0111083333333333,-13.77181070750285,15.933399280986471,56,12,12
16.996875,17.225749999999998,56.883615861633096,-7.188846982758626,1.0097560975609758,-10.31354745294321,25.27832692009522,39,28,13
17.211,17.303625,53.99409758918423,-6.769261853448268,1.0251766666666666,-12.527577525219801,22.20215678225932,50,17,13
17.794999999999998,18.128375,47.1121305831899,-2.3255657327586228,1.0982884615384614,-11.637147187767495,31.32855455158714,54,13,13
21.150125000000003,21.558125,57.13941339907452,16.15369073275863,1.055112,-10.789823199187252,23.148425766256878,55,13,12
18.370375,18.86,50.922640054906275,1.6163793103448314,1.0333333333333334,-10.104982803100222,25.707535401510135,56,15,9
18.460500000000003,18.803625,56.28258557254704,1.3126346982758705,1.057416666666667,-8.90983622312103,24.044314611448254,44,20,16
18.533625,18.916625,52.005163156375765,1.9214709051724197,1.0462958333333334,-12.482212185530077,24.876163018682238,56,13,11
18.409,18.677625,55.42412725309214,0.6337553879310363,1.0453400000000002,-9.675517788499752,22.66612783265099,55,14,11
20.429375,20.722,54.20729585043672,11.648706896551738,1.0592666666666666,-8.616470691442961,24.95518945318181,50,17,13
19.197,19.61275,47.31013083308707,5.672144396551722,1.0244433333333332,-12.81068913332864,22.37722564346075,50,17,13
22.041874999999997,22.345499999999998,55.39141436196626,20.39601293103448,1.045677777777778,-9.65247998139775,22.37884601794113,44,20,16
